EID,Link,topic
2-s2.0-85051645340,https://www.scopus.com/inward/record.uri?eid=2-s2.0-85051645340&doi=10.1007%2fs12666-018-1383-z&partnerID=40&md5=a35861e1932f83852c67015af89992dc,
2-s2.0-85053151075,https://www.scopus.com/inward/record.uri?eid=2-s2.0-85053151075&doi=10.1016%2fj.jece.2018.08.073&partnerID=40&md5=05e527a3ac1974d0ff24aae09311562d,
2-s2.0-85052988265,https://www.scopus.com/inward/record.uri?eid=2-s2.0-85052988265&doi=10.1016%2fj.cep.2018.08.016&partnerID=40&md5=6cd9ae4aa202961ed8e41f219a66e7e2,
2-s2.0-85045319756,https://www.scopus.com/inward/record.uri?eid=2-s2.0-85045319756&doi=10.1177%2f1077546317733907&partnerID=40&md5=22b0e15c5a3a0c857759973cd5af9b9d,
2-s2.0-85017129404,https://www.scopus.com/inward/record.uri?eid=2-s2.0-85017129404&doi=10.1007%2fs11276-017-1502-5&partnerID=40&md5=e652e5db34618d68725a3d3886f1c05c,
2-s2.0-85055455938,https://www.scopus.com/inward/record.uri?eid=2-s2.0-85055455938&doi=10.1109%2fWEEF.2017.8467166&partnerID=40&md5=e4838cef8cf5b94d6d94568dbd2e9464,
2-s2.0-85007449332,https://www.scopus.com/inward/record.uri?eid=2-s2.0-85007449332&doi=10.1007%2fs00521-016-2796-4&partnerID=40&md5=aa7cb94bf2aa8b385c77c689032168b0,
2-s2.0-85044763305,https://www.scopus.com/inward/record.uri?eid=2-s2.0-85044763305&doi=10.1007%2fs11227-018-2346-1&partnerID=40&md5=c3758adfa1219a8908cba17e0fec8dc3,
2-s2.0-85051632394,https://www.scopus.com/inward/record.uri?eid=2-s2.0-85051632394&doi=10.1016%2fj.robot.2018.07.007&partnerID=40&md5=5cccf0bc51a6d4f9ecc9bc9943c7c106,
2-s2.0-85053928396,https://www.scopus.com/inward/record.uri?eid=2-s2.0-85053928396&doi=10.1002%2fmop.31383&partnerID=40&md5=f58bdea43eb00a4694919886f4e1c1f1,
2-s2.0-85048405789,https://www.scopus.com/inward/record.uri?eid=2-s2.0-85048405789&doi=10.1016%2fj.memsci.2018.05.070&partnerID=40&md5=d1a68896ee69aeb790caa7615dc7685d,
2-s2.0-85056165405,https://www.scopus.com/inward/record.uri?eid=2-s2.0-85056165405&doi=10.5194%2fisprs-archives-XLII-4-711-2018&partnerID=40&md5=4ef009d4d9e52d1c475d1e9fa5374ed7,
2-s2.0-85054499938,https://www.scopus.com/inward/record.uri?eid=2-s2.0-85054499938&doi=10.1063%2f1.5055505&partnerID=40&md5=241c88f8f297c12717fc0dd2f6b6ea74,
2-s2.0-85053271414,https://www.scopus.com/inward/record.uri?eid=2-s2.0-85053271414&doi=10.1007%2fs11356-018-3033-8&partnerID=40&md5=facb7751d337cbd4118ecb0e89306244,
2-s2.0-85055582470,https://www.scopus.com/inward/record.uri?eid=2-s2.0-85055582470&doi=10.1051%2fmatecconf%2f201820303003&partnerID=40&md5=1bd3acb9df655f0bb49300dea2c41f6b,
2-s2.0-85041507378,https://www.scopus.com/inward/record.uri?eid=2-s2.0-85041507378&doi=10.1109%2fTIE.2018.2802457&partnerID=40&md5=226018dfad4c1a6d99017603f454c012,
2-s2.0-85050270603,https://www.scopus.com/inward/record.uri?eid=2-s2.0-85050270603&doi=10.1007%2fs13369-018-3154-x&partnerID=40&md5=a11d884c30aac83f5116d12f98580a8b,
2-s2.0-85051287257,https://www.scopus.com/inward/record.uri?eid=2-s2.0-85051287257&doi=10.1007%2fs12046-018-0924-9&partnerID=40&md5=f563835784cb5b20d2c6be8036c76706,
2-s2.0-85055589441,https://www.scopus.com/inward/record.uri?eid=2-s2.0-85055589441&doi=10.1051%2fmatecconf%2f201820301004&partnerID=40&md5=8d7e96a348c3bcb385e76cee05423746,
2-s2.0-85047881620,https://www.scopus.com/inward/record.uri?eid=2-s2.0-85047881620&doi=10.1166%2fjon.2018.1519&partnerID=40&md5=12bc596a3d08ba5584e1b1276e788b38,
2-s2.0-85054535948,https://www.scopus.com/inward/record.uri?eid=2-s2.0-85054535948&doi=10.1063%2f1.5055502&partnerID=40&md5=018ea0cdc99ed44331fe855c4f4280c4,
2-s2.0-85055484644,https://www.scopus.com/inward/record.uri?eid=2-s2.0-85055484644&doi=10.1051%2fmatecconf%2f201820306013&partnerID=40&md5=28cbb64a2fd088fcb3eeb9214dfdce9d,
2-s2.0-85055468336,https://www.scopus.com/inward/record.uri?eid=2-s2.0-85055468336&doi=10.1051%2fmatecconf%2f201820301021&partnerID=40&md5=afa654d75197f7ccc1570c06c37f8d67,
2-s2.0-85043710204,https://www.scopus.com/inward/record.uri?eid=2-s2.0-85043710204&doi=10.1007%2fs11042-018-5834-7&partnerID=40&md5=5def21a01e326ae8625db7824b54c3fb,
2-s2.0-85055555521,https://www.scopus.com/inward/record.uri?eid=2-s2.0-85055555521&doi=10.1051%2fmatecconf%2f201820306012&partnerID=40&md5=4b0641da5aa279b534b88af0bcfdc09f,
2-s2.0-85059892799,https://www.scopus.com/inward/record.uri?eid=2-s2.0-85059892799&doi=10.1145%2f3278312.3278326&partnerID=40&md5=3b084e740ca7c8639db08b5e61057fba,
2-s2.0-85045126598,https://www.scopus.com/inward/record.uri?eid=2-s2.0-85045126598&doi=10.1177%2f1045389X17754259&partnerID=40&md5=4615e4b23d1df627c138e2a31dfea07a,
2-s2.0-85016133018,https://www.scopus.com/inward/record.uri?eid=2-s2.0-85016133018&doi=10.1007%2fs11276-017-1471-8&partnerID=40&md5=4fd5e12e475220db91e2e2441f45a834,
2-s2.0-85048960198,https://www.scopus.com/inward/record.uri?eid=2-s2.0-85048960198&doi=10.1016%2fj.rser.2018.06.036&partnerID=40&md5=5d71da870b487a51f0754bd56caa67d5,
2-s2.0-85054542358,https://www.scopus.com/inward/record.uri?eid=2-s2.0-85054542358&doi=10.1063%2f1.5055460&partnerID=40&md5=6b40256fc533dad78b1763fc3d1df444,
2-s2.0-85050351561,https://www.scopus.com/inward/record.uri?eid=2-s2.0-85050351561&doi=10.1007%2fs11664-018-6526-9&partnerID=40&md5=3da211fd177101ef314a2ecdcb0665bf,
2-s2.0-85050656697,https://www.scopus.com/inward/record.uri?eid=2-s2.0-85050656697&doi=10.1111%2fjfpe.12808&partnerID=40&md5=3e23d3319809fba6d38cd62a8c9641df,
2-s2.0-85049646938,https://www.scopus.com/inward/record.uri?eid=2-s2.0-85049646938&doi=10.1016%2fj.rser.2018.07.011&partnerID=40&md5=1247a419b2fc6e56528dfef861c93efa,
2-s2.0-85055568595,https://www.scopus.com/inward/record.uri?eid=2-s2.0-85055568595&doi=10.1109%2fICMAE.2018.8467559&partnerID=40&md5=451108dbd42e96dc08d71295ddf3869a,
2-s2.0-85049746982,https://www.scopus.com/inward/record.uri?eid=2-s2.0-85049746982&doi=10.1016%2fj.radphyschem.2018.07.002&partnerID=40&md5=99ca59b64507142b54ac2ea07d2e6aa2,
2-s2.0-85048154313,https://www.scopus.com/inward/record.uri?eid=2-s2.0-85048154313&doi=10.1109%2fJIOT.2018.2844296&partnerID=40&md5=2e9863623846b1f4c1cbfad46337d842,
2-s2.0-85045768205,https://www.scopus.com/inward/record.uri?eid=2-s2.0-85045768205&doi=10.1007%2fs11517-018-1830-3&partnerID=40&md5=b9d26379bdd2e50df357fa1ad396afe0,
2-s2.0-85060555269,https://www.scopus.com/inward/record.uri?eid=2-s2.0-85060555269&doi=10.3390%2fresources7040062&partnerID=40&md5=d0b64ff424aae93e5c8e12886705fa76,
2-s2.0-85045039315,https://www.scopus.com/inward/record.uri?eid=2-s2.0-85045039315&doi=10.1007%2fs12205-018-1532-2&partnerID=40&md5=d048816ba236147ecb28cdae70ad3c1a,
2-s2.0-85053933495,https://www.scopus.com/inward/record.uri?eid=2-s2.0-85053933495&doi=10.12989%2fscs.2018.28.6.681&partnerID=40&md5=e59c2448d0d19f910c92ba909856943e,
2-s2.0-85048589054,https://www.scopus.com/inward/record.uri?eid=2-s2.0-85048589054&doi=10.1016%2fj.jenvman.2018.06.007&partnerID=40&md5=4cfccb32743006e28d38f4170f3a5ff4,
2-s2.0-85048550211,https://www.scopus.com/inward/record.uri?eid=2-s2.0-85048550211&doi=10.1016%2fj.radphyschem.2018.05.028&partnerID=40&md5=58f8805a69c1285db4e311f0fec1b372,
2-s2.0-85053377303,https://www.scopus.com/inward/record.uri?eid=2-s2.0-85053377303&doi=10.1016%2fj.jece.2018.09.008&partnerID=40&md5=9f4c1e423c993c429d03b29ecd2472a2,
2-s2.0-85053343463,https://www.scopus.com/inward/record.uri?eid=2-s2.0-85053343463&doi=10.1016%2fj.jmapro.2018.09.002&partnerID=40&md5=c4a4a026d0a69f1259c94252733e193c,
2-s2.0-85044073578,https://www.scopus.com/inward/record.uri?eid=2-s2.0-85044073578&doi=10.1007%2fs10706-018-0525-8&partnerID=40&md5=42e39f4bd07de20f646b3153f871cf65,
2-s2.0-85054487604,https://www.scopus.com/inward/record.uri?eid=2-s2.0-85054487604&doi=10.1063%2f1.5055404&partnerID=40&md5=b93cc53b96d99515988d086d0a0e2382,
2-s2.0-85051851726,https://www.scopus.com/inward/record.uri?eid=2-s2.0-85051851726&doi=10.1007%2fs10854-018-9805-6&partnerID=40&md5=e742e252ef9157116042dcecfea3641c,
2-s2.0-85040002206,https://www.scopus.com/inward/record.uri?eid=2-s2.0-85040002206&doi=10.1007%2fs10462-017-9608-9&partnerID=40&md5=626bbaa17b2ecba43fed14c5ca81f88f,
2-s2.0-85053799373,https://www.scopus.com/inward/record.uri?eid=2-s2.0-85053799373&doi=10.3329%2fbjms.v17i4.38324&partnerID=40&md5=9cabaf279373618188eac66398f19d97,
2-s2.0-85053828021,https://www.scopus.com/inward/record.uri?eid=2-s2.0-85053828021&partnerID=40&md5=2c43c960408093030b212453e3179e6f,
2-s2.0-85052062511,https://www.scopus.com/inward/record.uri?eid=2-s2.0-85052062511&doi=10.1016%2fj.jisa.2018.08.001&partnerID=40&md5=824cb287c1b3281c630c5d78ad7c626f,
2-s2.0-85055885860,https://www.scopus.com/inward/record.uri?eid=2-s2.0-85055885860&doi=10.1109%2fICASSDA.2018.8477615&partnerID=40&md5=a929133e979bbf07fbcfb5dff8cddb6c,
2-s2.0-85052913605,https://www.scopus.com/inward/record.uri?eid=2-s2.0-85052913605&doi=10.1002%2fjssc.201800326&partnerID=40&md5=ed46c026110f67055c41506c5b447994,
2-s2.0-85047822966,https://www.scopus.com/inward/record.uri?eid=2-s2.0-85047822966&doi=10.1016%2fj.measurement.2018.05.066&partnerID=40&md5=8704e214f005a9999eddd32b3aebcb6a,
2-s2.0-85054518458,https://www.scopus.com/inward/record.uri?eid=2-s2.0-85054518458&doi=10.1063%2f1.5055557&partnerID=40&md5=48cf71edb631f655dee594cf9dd2222e,
2-s2.0-85030178219,https://www.scopus.com/inward/record.uri?eid=2-s2.0-85030178219&doi=10.1080%2f07391102.2017.1377635&partnerID=40&md5=e0fe17b6e662553b6d831d29acd2b498,
2-s2.0-85053117715,https://www.scopus.com/inward/record.uri?eid=2-s2.0-85053117715&doi=10.1016%2fj.sna.2018.09.010&partnerID=40&md5=27f57c6e9757dc2b28f96f974a36521d,
2-s2.0-85055496889,https://www.scopus.com/inward/record.uri?eid=2-s2.0-85055496889&doi=10.1051%2fmatecconf%2f201820301020&partnerID=40&md5=fa0df663d0c517dcb0be2fa66561a7d2,
2-s2.0-85020249035,https://www.scopus.com/inward/record.uri?eid=2-s2.0-85020249035&doi=10.1007%2fs00703-017-0537-6&partnerID=40&md5=615e0547b3d66e2fac1793d4f286904b,
2-s2.0-85048186993,https://www.scopus.com/inward/record.uri?eid=2-s2.0-85048186993&doi=10.1016%2fj.compstruct.2018.06.023&partnerID=40&md5=53cf9c86070ce82d42cabe57d6a7730d,
2-s2.0-85054543747,https://www.scopus.com/inward/record.uri?eid=2-s2.0-85054543747&doi=10.1063%2f1.5055407&partnerID=40&md5=e5a4c40de3c08efeb01732880efa6fa6,
2-s2.0-85055453391,https://www.scopus.com/inward/record.uri?eid=2-s2.0-85055453391&doi=10.1109%2fWEEF.2017.8467040&partnerID=40&md5=9f97a8d1bea226b536d54265192526c4,
2-s2.0-85055412842,https://www.scopus.com/inward/record.uri?eid=2-s2.0-85055412842&doi=10.1109%2fWEEF.2017.8467091&partnerID=40&md5=1ad40fe85fe92256e72f1cbbbb3d2ed6,
2-s2.0-85053683235,https://www.scopus.com/inward/record.uri?eid=2-s2.0-85053683235&doi=10.3390%2fnano8090702&partnerID=40&md5=32f6b58d6d5bba9436276e9d7eda3296,
2-s2.0-85056216560,https://www.scopus.com/inward/record.uri?eid=2-s2.0-85056216560&doi=10.1142%2fS0219749918500521&partnerID=40&md5=4c5bf98c847c158a16fc85ed6b9a0a99,
2-s2.0-85053638820,https://www.scopus.com/inward/record.uri?eid=2-s2.0-85053638820&doi=10.1109%2fACCESS.2018.2866525&partnerID=40&md5=4b169036facd836226c6e4990cc9c01c,
2-s2.0-85066094445,https://www.scopus.com/inward/record.uri?eid=2-s2.0-85066094445&doi=10.22438%2fjeb%2f39%2f5%28SI%29%2f9&partnerID=40&md5=66ef5145300f06309927d7cf5ed023e1,
2-s2.0-85057506872,https://www.scopus.com/inward/record.uri?eid=2-s2.0-85057506872&doi=10.15282%2fjmes.12.3.2018.1.0332&partnerID=40&md5=46a8ce8dee4837846b8482a8fa69a71a,
2-s2.0-85054387501,https://www.scopus.com/inward/record.uri?eid=2-s2.0-85054387501&doi=10.1088%2f1742-6596%2f1083%2f1%2f012003&partnerID=40&md5=830dcf7d4431cc4e37e7a4f71e26d302,
2-s2.0-85054198341,https://www.scopus.com/inward/record.uri?eid=2-s2.0-85054198341&doi=10.1002%2fpen.24753&partnerID=40&md5=e718acb3af6a91f3c32c2cc72a06bd6e,
2-s2.0-85061708390,https://www.scopus.com/inward/record.uri?eid=2-s2.0-85061708390&doi=10.13189%2fujer.2018.060915&partnerID=40&md5=2efc762a618da4a8be868f50ecf166cd,
2-s2.0-85055436928,https://www.scopus.com/inward/record.uri?eid=2-s2.0-85055436928&doi=10.1109%2fWEEF.2017.8467035&partnerID=40&md5=8c7e57be7a81f0904c283205af3ac927,
2-s2.0-85055434748,https://www.scopus.com/inward/record.uri?eid=2-s2.0-85055434748&doi=10.1109%2fWEEF.2017.8467177&partnerID=40&md5=58ec91b4f9bc93437a5f076f4a16c698,
2-s2.0-85055411900,https://www.scopus.com/inward/record.uri?eid=2-s2.0-85055411900&doi=10.1109%2fWEEF.2017.8466968&partnerID=40&md5=a08e0a6883ceac3da0dc1143c48e582b,
2-s2.0-85064011241,https://www.scopus.com/inward/record.uri?eid=2-s2.0-85064011241&partnerID=40&md5=3780a4c2b08650cf8dda0242cd838a74,
2-s2.0-85071674185,https://www.scopus.com/inward/record.uri?eid=2-s2.0-85071674185&doi=10.3390%2finstruments2030018&partnerID=40&md5=c1b7e16f475f2265691959014f2608d4,
2-s2.0-85055417989,https://www.scopus.com/inward/record.uri?eid=2-s2.0-85055417989&doi=10.1109%2fWEEF.2017.8467183&partnerID=40&md5=55127fa70368d9ca16358fdafd7a2fcd,
2-s2.0-85055415328,https://www.scopus.com/inward/record.uri?eid=2-s2.0-85055415328&doi=10.1109%2fWEEF.2017.8467122&partnerID=40&md5=3abbbc5bb5647d035fc4efa0b3730b4e,
2-s2.0-85053330890,https://www.scopus.com/inward/record.uri?eid=2-s2.0-85053330890&doi=10.1007%2fs12206-018-0836-y&partnerID=40&md5=c9b57faf1d565570575f1fe937f17a47,
2-s2.0-85056872877,https://www.scopus.com/inward/record.uri?eid=2-s2.0-85056872877&doi=10.2112%2fSI82-011.1&partnerID=40&md5=b324e8b57b5de1d5c5a3d421ffd06834,
2-s2.0-85049642761,https://www.scopus.com/inward/record.uri?eid=2-s2.0-85049642761&doi=10.1108%2fJEC-03-2017-0025&partnerID=40&md5=d0d91974c6c20f1b0b532a6feac5e73d,
2-s2.0-85063269891,https://www.scopus.com/inward/record.uri?eid=2-s2.0-85063269891&doi=10.3390%2feconomies6030046&partnerID=40&md5=393b7b3dbbcefa046c9d9878d0cd27f8,
2-s2.0-85056197789,https://www.scopus.com/inward/record.uri?eid=2-s2.0-85056197789&doi=10.5194%2fisprs-archives-XLII-4-W10-165-2018&partnerID=40&md5=9d49def573a1d3eedf32a880b6632bc1,
2-s2.0-85060637692,https://www.scopus.com/inward/record.uri?eid=2-s2.0-85060637692&partnerID=40&md5=69dfd23c6b896d4e83489859ed20e9b5,
2-s2.0-85054240012,https://www.scopus.com/inward/record.uri?eid=2-s2.0-85054240012&partnerID=40&md5=6e52d960757884fc5058dfa08378380d,
2-s2.0-85056186647,https://www.scopus.com/inward/record.uri?eid=2-s2.0-85056186647&doi=10.5194%2fisprs-archives-XLII-4-W10-209-2018&partnerID=40&md5=bdf91392a5e3a98039a76ac6e1c91a12,
2-s2.0-85050127081,https://www.scopus.com/inward/record.uri?eid=2-s2.0-85050127081&doi=10.1016%2fj.enconman.2018.06.016&partnerID=40&md5=4e54ab5e19359e2b3d055174e6782486,
2-s2.0-85055447805,https://www.scopus.com/inward/record.uri?eid=2-s2.0-85055447805&doi=10.1109%2fWEEF.2017.8467086&partnerID=40&md5=af69748634a2741295838984d1353f1b,
2-s2.0-85053386589,https://www.scopus.com/inward/record.uri?eid=2-s2.0-85053386589&partnerID=40&md5=3ccd82a7630ece6eb746a3a1cb4b8979,
2-s2.0-85049039367,https://www.scopus.com/inward/record.uri?eid=2-s2.0-85049039367&doi=10.1016%2fj.oceaneng.2018.06.061&partnerID=40&md5=f34865186488e14559925d8e6ed815c9,
2-s2.0-85055436076,https://www.scopus.com/inward/record.uri?eid=2-s2.0-85055436076&doi=10.1109%2fWEEF.2017.8467156&partnerID=40&md5=192947ff9e4602a612cb338f1a30d13b,
2-s2.0-85055445986,https://www.scopus.com/inward/record.uri?eid=2-s2.0-85055445986&doi=10.1109%2fWEEF.2017.8467062&partnerID=40&md5=70aef34abb1a0315d0e1b05603f99571,
2-s2.0-85052658637,https://www.scopus.com/inward/record.uri?eid=2-s2.0-85052658637&doi=10.3390%2fpolym10090977&partnerID=40&md5=d2581f45d51aa7926011a272cb41583a,
2-s2.0-85055416191,https://www.scopus.com/inward/record.uri?eid=2-s2.0-85055416191&doi=10.1109%2fWEEF.2017.8467043&partnerID=40&md5=4f0d632f5f0d785468da3f9c08c005e3,
2-s2.0-85050989788,https://www.scopus.com/inward/record.uri?eid=2-s2.0-85050989788&doi=10.1016%2fj.physb.2018.06.033&partnerID=40&md5=4ff7085c0d3d4682f22170a71b4a4b62,
2-s2.0-85028550854,https://www.scopus.com/inward/record.uri?eid=2-s2.0-85028550854&doi=10.1080%2f02564602.2017.1342572&partnerID=40&md5=6e5d35f2ea000d7d9a268aed3c8a3bd6,
2-s2.0-85054397727,https://www.scopus.com/inward/record.uri?eid=2-s2.0-85054397727&doi=10.19101%2fIJACR.2018.838012&partnerID=40&md5=9139b798267b723196068c60ed1770a4,
2-s2.0-85055418253,https://www.scopus.com/inward/record.uri?eid=2-s2.0-85055418253&doi=10.1109%2fWEEF.2017.8467130&partnerID=40&md5=5f3d0135a59be9d28ccb9ab2853c66dd,
2-s2.0-85026893948,https://www.scopus.com/inward/record.uri?eid=2-s2.0-85026893948&doi=10.1080%2f14484846.2017.1358844&partnerID=40&md5=f70d6e42d6eef49e125f3fc30629121c,
2-s2.0-85053545327,https://www.scopus.com/inward/record.uri?eid=2-s2.0-85053545327&doi=10.12989%2fsss.2018.22.3.335&partnerID=40&md5=14ee0bf4bf8685f7d239b944453ff13d,
2-s2.0-85055449270,https://www.scopus.com/inward/record.uri?eid=2-s2.0-85055449270&doi=10.1109%2fWEEF.2017.8467073&partnerID=40&md5=692acdf7a11cb8209d2c0eb24e054647,
2-s2.0-85023740883,https://www.scopus.com/inward/record.uri?eid=2-s2.0-85023740883&doi=10.1080%2f09593330.2017.1351494&partnerID=40&md5=7572ca6a86a8cbd8b938384905b63077,
2-s2.0-85055435414,https://www.scopus.com/inward/record.uri?eid=2-s2.0-85055435414&doi=10.1109%2fWEEF.2017.8467052&partnerID=40&md5=ca43e92d1614dd7b18d530e5ba99d4da,
2-s2.0-85055415943,https://www.scopus.com/inward/record.uri?eid=2-s2.0-85055415943&doi=10.1109%2fWEEF.2017.8467109&partnerID=40&md5=b77f868d2875b7b7638e44191db673ca,
2-s2.0-85053295085,https://www.scopus.com/inward/record.uri?eid=2-s2.0-85053295085&partnerID=40&md5=a9c4cc7de765a4d1c72b72245d455784,
2-s2.0-85055814040,https://www.scopus.com/inward/record.uri?eid=2-s2.0-85055814040&doi=10.3788%2fCOL201816.090602&partnerID=40&md5=02f8366d438c3fbe0de5d1f3d4b1c6a9,
2-s2.0-85059516800,https://www.scopus.com/inward/record.uri?eid=2-s2.0-85059516800&doi=10.1108%2fJAMR-11-2017-0109&partnerID=40&md5=e605c8474d33b8894998f43416a7c09a,
2-s2.0-85055430939,https://www.scopus.com/inward/record.uri?eid=2-s2.0-85055430939&doi=10.1177%2f1729881418804726&partnerID=40&md5=45b459bf5040b313dbd2267e41f55d16,
2-s2.0-85054411248,https://www.scopus.com/inward/record.uri?eid=2-s2.0-85054411248&doi=10.1088%2f1742-6596%2f1083%2f1%2f012007&partnerID=40&md5=f8903ec8a68cdb0309ad711175f63532,
2-s2.0-85055436236,https://www.scopus.com/inward/record.uri?eid=2-s2.0-85055436236&doi=10.1109%2fWEEF.2017.8467031&partnerID=40&md5=3788a8cdf5fe010425d9efdcb6a88139,
2-s2.0-85056462438,https://www.scopus.com/inward/record.uri?eid=2-s2.0-85056462438&partnerID=40&md5=d6679fe7e41a1d6b82608223e8e1cf25,
2-s2.0-85055865123,https://www.scopus.com/inward/record.uri?eid=2-s2.0-85055865123&doi=10.1109%2fIC4ME2.2018.8465618&partnerID=40&md5=0a7561c866c2b0300aba7346677be247,
2-s2.0-85056694169,https://www.scopus.com/inward/record.uri?eid=2-s2.0-85056694169&partnerID=40&md5=6de6b3fe5c0413daca9b481060756997,
2-s2.0-85055422845,https://www.scopus.com/inward/record.uri?eid=2-s2.0-85055422845&doi=10.1109%2fWEEF.2017.8467051&partnerID=40&md5=688a02b0dcd15bd8d8c01a9d4f3f9c04,
2-s2.0-85053305245,https://www.scopus.com/inward/record.uri?eid=2-s2.0-85053305245&partnerID=40&md5=12421b3dcd94e277689c6f14658ce9b2,
2-s2.0-85054346284,https://www.scopus.com/inward/record.uri?eid=2-s2.0-85054346284&doi=10.1088%2f1742-6596%2f1083%2f1%2f012050&partnerID=40&md5=35c7e233ce63044b12493f1ee04ad768,
2-s2.0-85046707960,https://www.scopus.com/inward/record.uri?eid=2-s2.0-85046707960&doi=10.1016%2fj.scitotenv.2018.04.418&partnerID=40&md5=e052b5b406fb3b79d7b457de3c4422fa,
2-s2.0-85058714436,https://www.scopus.com/inward/record.uri?eid=2-s2.0-85058714436&partnerID=40&md5=a8edb0233c9f55ecf3339892466a568d,
2-s2.0-85054286961,https://www.scopus.com/inward/record.uri?eid=2-s2.0-85054286961&doi=10.1088%2f1757-899X%2f414%2f1%2f012016&partnerID=40&md5=0703e44fe21d6b1bfe3b4d7cad14b20d,
2-s2.0-85051442887,https://www.scopus.com/inward/record.uri?eid=2-s2.0-85051442887&doi=10.4271%2f2018-01-1674&partnerID=40&md5=bb2e7d53c2703dc54afef6f0a1bd77d0,
2-s2.0-85054769471,https://www.scopus.com/inward/record.uri?eid=2-s2.0-85054769471&doi=10.3390%2fbiom8030071&partnerID=40&md5=1319096a81421e5931692675a4f4dbd7,
2-s2.0-85047934924,https://www.scopus.com/inward/record.uri?eid=2-s2.0-85047934924&doi=10.1080%2f10256016.2018.1474879&partnerID=40&md5=db854036fef429fac1e33c39554dd4bd,
2-s2.0-85056151595,https://www.scopus.com/inward/record.uri?eid=2-s2.0-85056151595&doi=10.5194%2fisprs-archives-XLII-4-W10-201-2018&partnerID=40&md5=4a178d382f05d8fa838a9342882a64b0,
2-s2.0-85055413340,https://www.scopus.com/inward/record.uri?eid=2-s2.0-85055413340&doi=10.1109%2fWEEF.2017.8467142&partnerID=40&md5=117885169a85a705a7532b050664acee,
2-s2.0-85054415139,https://www.scopus.com/inward/record.uri?eid=2-s2.0-85054415139&doi=10.1088%2f1742-6596%2f1083%2f1%2f012016&partnerID=40&md5=c5d11934101c0632555c34bc0b3f5b52,
2-s2.0-85053167943,https://www.scopus.com/inward/record.uri?eid=2-s2.0-85053167943&partnerID=40&md5=e0a426259fd43c943f75ccffd13288da,
2-s2.0-85053038413,https://www.scopus.com/inward/record.uri?eid=2-s2.0-85053038413&doi=10.3390%2fw10091210&partnerID=40&md5=138f2e98d2947f018166df6fb771d794,
2-s2.0-85070859234,https://www.scopus.com/inward/record.uri?eid=2-s2.0-85070859234&doi=10.1109%2fCRC.2018.00005&partnerID=40&md5=2182a31f3f868fa655840411e89e0452,
2-s2.0-85064740897,https://www.scopus.com/inward/record.uri?eid=2-s2.0-85064740897&doi=10.11591%2fijeecs.v11.i3.pp1236-1242&partnerID=40&md5=181955bca0b5ada0e5e78d15ad0dfecf,
2-s2.0-85058614161,https://www.scopus.com/inward/record.uri?eid=2-s2.0-85058614161&doi=10.1080%2f09243046.2017.1405604&partnerID=40&md5=59e4336795893065995ef496e217e664,
2-s2.0-85054417213,https://www.scopus.com/inward/record.uri?eid=2-s2.0-85054417213&doi=10.1088%2f1742-6596%2f1083%2f1%2f012008&partnerID=40&md5=037346504a7c7c5bef06acb2c508d965,
2-s2.0-85055444349,https://www.scopus.com/inward/record.uri?eid=2-s2.0-85055444349&doi=10.1109%2fWEEF.2017.8467070&partnerID=40&md5=3dc7c1fc8bb81fe78278ee64c41abbdc,
2-s2.0-85053156146,https://www.scopus.com/inward/record.uri?eid=2-s2.0-85053156146&partnerID=40&md5=6764073a62a07c494d8721254d978633,
2-s2.0-85056169734,https://www.scopus.com/inward/record.uri?eid=2-s2.0-85056169734&doi=10.5194%2fisprs-archives-XLII-4-W10-71-2018&partnerID=40&md5=5e9e9c9659144fe2e585ab29fea4401d,
2-s2.0-85054242871,https://www.scopus.com/inward/record.uri?eid=2-s2.0-85054242871&doi=10.1088%2f1755-1315%2f182%2f1%2f012006&partnerID=40&md5=96dc7a8f16dd688c930cfe2ae98b892b,
2-s2.0-85049093392,https://www.scopus.com/inward/record.uri?eid=2-s2.0-85049093392&doi=10.1016%2fj.molliq.2018.06.081&partnerID=40&md5=bb5effeede08e13783f16c750261dafc,
2-s2.0-85056122248,https://www.scopus.com/inward/record.uri?eid=2-s2.0-85056122248&doi=10.1007%2fs11204-018-9535-z&partnerID=40&md5=f1f1409fa9eac350f5d407e898cdbaf2,
2-s2.0-85054740086,https://www.scopus.com/inward/record.uri?eid=2-s2.0-85054740086&partnerID=40&md5=b666a5e5a3d048953de14b0a469563af,
2-s2.0-85053764647,https://www.scopus.com/inward/record.uri?eid=2-s2.0-85053764647&doi=10.1016%2fj.jocs.2018.09.006&partnerID=40&md5=8755122df89b58fbe05eb046eeeeccbf,
2-s2.0-85055430631,https://www.scopus.com/inward/record.uri?eid=2-s2.0-85055430631&doi=10.1109%2fWEEF.2017.8467099&partnerID=40&md5=d83d1deebfbef59f256388b106c5c23f,
2-s2.0-85055417951,https://www.scopus.com/inward/record.uri?eid=2-s2.0-85055417951&doi=10.1109%2fWEEF.2017.8467104&partnerID=40&md5=d88f0f24eb294ac5b821dca45cef8aaf,
2-s2.0-85055418846,https://www.scopus.com/inward/record.uri?eid=2-s2.0-85055418846&doi=10.1109%2fWEEF.2017.8467161&partnerID=40&md5=0a22f00c15fa27ac1aeeda88cb68f13f,
2-s2.0-85055272557,https://www.scopus.com/inward/record.uri?eid=2-s2.0-85055272557&partnerID=40&md5=366fea9772f43969eb74fa648f99eb40,
2-s2.0-85055445940,https://www.scopus.com/inward/record.uri?eid=2-s2.0-85055445940&doi=10.1109%2fWEEF.2017.8467149&partnerID=40&md5=4b78d6c1b0cc62ce77cad7f07f4cf08c,
2-s2.0-85053323209,https://www.scopus.com/inward/record.uri?eid=2-s2.0-85053323209&doi=10.1109%2fACCESS.2018.2870754&partnerID=40&md5=137d2241868a7c5972495c4b22800f73,
2-s2.0-85049892726,https://www.scopus.com/inward/record.uri?eid=2-s2.0-85049892726&doi=10.1142%2fS0217979218502351&partnerID=40&md5=e179837c4db1cbf5ec07c86a9c18f5cd,
2-s2.0-85055447606,https://www.scopus.com/inward/record.uri?eid=2-s2.0-85055447606&doi=10.1109%2fWEEF.2017.8467084&partnerID=40&md5=d9ab5fc5a785441bada11d5aa336fbd4,
2-s2.0-85055429347,https://www.scopus.com/inward/record.uri?eid=2-s2.0-85055429347&doi=10.1109%2fWEEF.2017.8467118&partnerID=40&md5=fe8045dd6052ec2c6c370ef90a316002,
2-s2.0-85055449993,https://www.scopus.com/inward/record.uri?eid=2-s2.0-85055449993&doi=10.1109%2fWEEF.2017.8467140&partnerID=40&md5=bf6ecb88682995b90fb0b3350957b10e,
2-s2.0-85054555716,https://www.scopus.com/inward/record.uri?eid=2-s2.0-85054555716&doi=10.4491%2feer.2017.096&partnerID=40&md5=8790c74e04a96c4ab8efaf393cd4babc,
2-s2.0-85051560410,https://www.scopus.com/inward/record.uri?eid=2-s2.0-85051560410&doi=10.1007%2fs13239-018-0357-y&partnerID=40&md5=b16bf9be33a0fa1e7ff5c9b0dc3f504f,
2-s2.0-85053422578,https://www.scopus.com/inward/record.uri?eid=2-s2.0-85053422578&doi=10.3390%2fapp8091632&partnerID=40&md5=af18b0aa364c27bc3d50c3e225f22c6b,
2-s2.0-85055785117,https://www.scopus.com/inward/record.uri?eid=2-s2.0-85055785117&doi=10.3788%2fCOL201816.090603&partnerID=40&md5=01a0686a73e138db3d278d6c29a50291,
2-s2.0-85089495325,https://www.scopus.com/inward/record.uri?eid=2-s2.0-85089495325&partnerID=40&md5=3441ca65e11ab29053bd94ba4db6b552,
2-s2.0-85052593151,https://www.scopus.com/inward/record.uri?eid=2-s2.0-85052593151&doi=10.1108%2fBEPAM-12-2017-0131&partnerID=40&md5=ba93f27dffa81b4d1d011c42cbcb1493,
2-s2.0-85048515749,https://www.scopus.com/inward/record.uri?eid=2-s2.0-85048515749&doi=10.1016%2fj.jpba.2018.05.044&partnerID=40&md5=9d8ad959267f4908a1d70c6bfd05a8b2,
2-s2.0-85046170004,https://www.scopus.com/inward/record.uri?eid=2-s2.0-85046170004&doi=10.1016%2fj.mee.2018.04.020&partnerID=40&md5=275369c6c90b8d6e6e26250c673ba916,
2-s2.0-85055433603,https://www.scopus.com/inward/record.uri?eid=2-s2.0-85055433603&doi=10.1109%2fWEEF.2017.8467102&partnerID=40&md5=e3ec28002db71ddafe41668fa699337a,
2-s2.0-85019612223,https://www.scopus.com/inward/record.uri?eid=2-s2.0-85019612223&doi=10.1080%2f14484846.2017.1325118&partnerID=40&md5=24d283abfde3c10fe5d7f5f964f047b2,
2-s2.0-85055433201,https://www.scopus.com/inward/record.uri?eid=2-s2.0-85055433201&doi=10.1109%2fWEEF.2017.8467105&partnerID=40&md5=b52bc1b7cda40aa5f79c8c86f1cdc569,
2-s2.0-85055430971,https://www.scopus.com/inward/record.uri?eid=2-s2.0-85055430971&doi=10.1109%2fWEEF.2017.8467170&partnerID=40&md5=47c4c0d639ab1fe935d9fc787af08215,
2-s2.0-85050070362,https://www.scopus.com/inward/record.uri?eid=2-s2.0-85050070362&doi=10.1016%2fj.jngse.2018.06.038&partnerID=40&md5=41522d27fb791d478f9b0cf93947c72a,
2-s2.0-85006957631,https://www.scopus.com/inward/record.uri?eid=2-s2.0-85006957631&doi=10.1007%2fs00521-016-2728-3&partnerID=40&md5=0b6d7308ee3bc89910ab87c31c21b5f6,
2-s2.0-85053070757,https://www.scopus.com/inward/record.uri?eid=2-s2.0-85053070757&doi=10.1016%2fj.jweia.2018.08.003&partnerID=40&md5=c003afe84665d80d4e5742005bb9f97e,
2-s2.0-85052748425,https://www.scopus.com/inward/record.uri?eid=2-s2.0-85052748425&doi=10.11113%2fjt.v80.11760&partnerID=40&md5=b4bddfdd718dea179a97e7f2b133f0db,
2-s2.0-85049581275,https://www.scopus.com/inward/record.uri?eid=2-s2.0-85049581275&doi=10.1007%2fs10874-018-9376-1&partnerID=40&md5=40efc51960fa60b026a0e68cac87d1a2,
2-s2.0-85050551759,https://www.scopus.com/inward/record.uri?eid=2-s2.0-85050551759&doi=10.1016%2fj.polymertesting.2018.07.015&partnerID=40&md5=cc7f846cf738dbaa396b7cb8da3b800d,
2-s2.0-85046876700,https://www.scopus.com/inward/record.uri?eid=2-s2.0-85046876700&doi=10.1016%2fj.ijbiomac.2018.05.031&partnerID=40&md5=f33872e5160ab84eb343c8b81abf68e4,
2-s2.0-85050139572,https://www.scopus.com/inward/record.uri?eid=2-s2.0-85050139572&doi=10.1007%2fs40171-018-0189-5&partnerID=40&md5=907746333aa4f27dd5fedf578abd6fab,
2-s2.0-85064523529,https://www.scopus.com/inward/record.uri?eid=2-s2.0-85064523529&partnerID=40&md5=02e72c8ced08315933c4588b430d2c2f,
2-s2.0-85050359634,https://www.scopus.com/inward/record.uri?eid=2-s2.0-85050359634&doi=10.11591%2fijeecs.v11.i3.pp987-993&partnerID=40&md5=4b8bc0f74146dd82ce014e44427e621a,
2-s2.0-85053073901,https://www.scopus.com/inward/record.uri?eid=2-s2.0-85053073901&doi=10.11591%2fijpeds.v9.i3.pp1038-1050&partnerID=40&md5=677561e188baa650d4611df92b6cc6fb,
2-s2.0-85050361709,https://www.scopus.com/inward/record.uri?eid=2-s2.0-85050361709&doi=10.1007%2fs11356-018-2760-1&partnerID=40&md5=a82538c4fb703d2881e9517252e0cba8,
2-s2.0-85047603492,https://www.scopus.com/inward/record.uri?eid=2-s2.0-85047603492&doi=10.1016%2fj.rinp.2018.05.026&partnerID=40&md5=0cb029f0b1e555cbc692730034ab5ab6,
2-s2.0-85049081803,https://www.scopus.com/inward/record.uri?eid=2-s2.0-85049081803&doi=10.1016%2fj.nancom.2018.06.002&partnerID=40&md5=44d2f0ab451927d94439e03a60cdf52d,
2-s2.0-85052963703,https://www.scopus.com/inward/record.uri?eid=2-s2.0-85052963703&partnerID=40&md5=0dd52dc3394a46a585ba907db0e761ad,
2-s2.0-85052747588,https://www.scopus.com/inward/record.uri?eid=2-s2.0-85052747588&doi=10.11113%2fjt.v80.12431&partnerID=40&md5=f83fc7f2088f46e9e6e4e9a377526935,
2-s2.0-85050693175,https://www.scopus.com/inward/record.uri?eid=2-s2.0-85050693175&doi=10.1016%2fj.rinp.2018.07.013&partnerID=40&md5=744281519d4ab83595ca3123f76df4bf,
2-s2.0-85049745801,https://www.scopus.com/inward/record.uri?eid=2-s2.0-85049745801&doi=10.1007%2fs13320-018-0459-z&partnerID=40&md5=3a793a1390f47538f16a65e0ea5ad492,
2-s2.0-85048594520,https://www.scopus.com/inward/record.uri?eid=2-s2.0-85048594520&doi=10.1016%2fj.jcsr.2018.06.012&partnerID=40&md5=06d0f67e4eb6393fccf581e7c15930dd,
2-s2.0-85051678535,https://www.scopus.com/inward/record.uri?eid=2-s2.0-85051678535&doi=10.1016%2fj.jmgm.2018.08.007&partnerID=40&md5=13419425308471f893378f12f7d024f0,
2-s2.0-85051653015,https://www.scopus.com/inward/record.uri?eid=2-s2.0-85051653015&doi=10.1016%2fj.sna.2018.08.016&partnerID=40&md5=52faf53b1d2dc9418009f599376b0740,
2-s2.0-85048178718,https://www.scopus.com/inward/record.uri?eid=2-s2.0-85048178718&doi=10.1016%2fj.jseaes.2018.06.010&partnerID=40&md5=a904d49b6f0ae9cdb5d27de5d7e2288e,
2-s2.0-85048249959,https://www.scopus.com/inward/record.uri?eid=2-s2.0-85048249959&doi=10.1007%2fs40735-018-0149-9&partnerID=40&md5=78bd3becd81cadafbe5ec9953fae193c,
2-s2.0-85052759554,https://www.scopus.com/inward/record.uri?eid=2-s2.0-85052759554&doi=10.11113%2fjt.v80.12131&partnerID=40&md5=f85da3150f264a640cd00c2605485ba7,
2-s2.0-85050353984,https://www.scopus.com/inward/record.uri?eid=2-s2.0-85050353984&doi=10.11591%2fijeecs.v11.i3.pp1114-1120&partnerID=40&md5=ffdd9b3c7628ebb49bb5d480e4b7ff53,
2-s2.0-85046733712,https://www.scopus.com/inward/record.uri?eid=2-s2.0-85046733712&doi=10.1016%2fj.measurement.2018.04.092&partnerID=40&md5=8ccc4521135fe5e59e928a2724a83387,
2-s2.0-85050366386,https://www.scopus.com/inward/record.uri?eid=2-s2.0-85050366386&doi=10.11591%2fijeecs.v11.i3.pp1136-1146&partnerID=40&md5=7520ad6a65920acaf785c4e6e3aabfa8,
2-s2.0-85045420563,https://www.scopus.com/inward/record.uri?eid=2-s2.0-85045420563&doi=10.1016%2fj.ijheatmasstransfer.2018.04.008&partnerID=40&md5=31e78a1959186b38040079c72c50ed74,
2-s2.0-85049568793,https://www.scopus.com/inward/record.uri?eid=2-s2.0-85049568793&doi=10.1016%2fj.jphotochem.2018.06.029&partnerID=40&md5=b13dff49c6e56566496c39e9d5ba7a3e,
2-s2.0-85052405544,https://www.scopus.com/inward/record.uri?eid=2-s2.0-85052405544&doi=10.1007%2fs11082-018-1609-7&partnerID=40&md5=28a29a72659c2bab1b92df80572a9502,
2-s2.0-85045062459,https://www.scopus.com/inward/record.uri?eid=2-s2.0-85045062459&doi=10.1007%2fs00542-018-3823-4&partnerID=40&md5=c614967548b754ac005c3fb3e06e32d3,
2-s2.0-85053123983,https://www.scopus.com/inward/record.uri?eid=2-s2.0-85053123983&partnerID=40&md5=c95b6b4775d82a8c75a428e8100c229d,
2-s2.0-85052616995,https://www.scopus.com/inward/record.uri?eid=2-s2.0-85052616995&doi=10.1002%2fmmce.21473&partnerID=40&md5=560429fc54271b060f51a44ca29bd54d,
2-s2.0-85046098692,https://www.scopus.com/inward/record.uri?eid=2-s2.0-85046098692&doi=10.1016%2fj.ijleo.2018.04.117&partnerID=40&md5=14e212b41f6345008931257b0729a21f,
2-s2.0-85034247393,https://www.scopus.com/inward/record.uri?eid=2-s2.0-85034247393&doi=10.1109%2fTPEL.2017.2773129&partnerID=40&md5=903fc556d7098f47abac7a1f80d739f4,
2-s2.0-85047138725,https://www.scopus.com/inward/record.uri?eid=2-s2.0-85047138725&doi=10.1016%2fj.csite.2018.04.004&partnerID=40&md5=9a345d7b44b25210e07cc95fe2b32def,
2-s2.0-85052476923,https://www.scopus.com/inward/record.uri?eid=2-s2.0-85052476923&doi=10.1016%2fj.acme.2018.07.006&partnerID=40&md5=76e62d47438597361717a0aca57346e7,
2-s2.0-85047626414,https://www.scopus.com/inward/record.uri?eid=2-s2.0-85047626414&doi=10.1016%2fj.rinp.2018.05.031&partnerID=40&md5=544fdbb1c1654b2a7de1a31064c764a7,
2-s2.0-85044032722,https://www.scopus.com/inward/record.uri?eid=2-s2.0-85044032722&doi=10.1007%2fs00542-018-3837-y&partnerID=40&md5=e4c3627e5d3e874cb72985ec5a8f58ef,
2-s2.0-85053916980,https://www.scopus.com/inward/record.uri?eid=2-s2.0-85053916980&doi=10.1109%2fAIM.2018.8452698&partnerID=40&md5=b210276df59dbb41f2a53d20263fe1f2,
2-s2.0-85049348490,https://www.scopus.com/inward/record.uri?eid=2-s2.0-85049348490&doi=10.1016%2fj.matchemphys.2018.06.006&partnerID=40&md5=c0bea6e3fa4d4e702c56ea6763a36f64,
2-s2.0-84963540067,https://www.scopus.com/inward/record.uri?eid=2-s2.0-84963540067&doi=10.1016%2fj.matcom.2016.02.007&partnerID=40&md5=a17fc872ab05f4a864cdd8d8aedc746c,
2-s2.0-85051411203,https://www.scopus.com/inward/record.uri?eid=2-s2.0-85051411203&doi=10.1016%2fj.rinp.2018.08.004&partnerID=40&md5=b99dbad7a03112d0b44918127b8747eb,
2-s2.0-85052754362,https://www.scopus.com/inward/record.uri?eid=2-s2.0-85052754362&doi=10.11113%2fjt.v80.10389&partnerID=40&md5=f23ac27ce81182c13354a3835e83affe,
2-s2.0-85051137717,https://www.scopus.com/inward/record.uri?eid=2-s2.0-85051137717&doi=10.1007%2fs40998-018-0080-6&partnerID=40&md5=6c464bd3797d1e14f524857f3ab7ced8,
2-s2.0-85053906096,https://www.scopus.com/inward/record.uri?eid=2-s2.0-85053906096&doi=10.1109%2fIEEEGCC.2017.8448033&partnerID=40&md5=f6ee6806b8481b4a1956a1ed10175660,
2-s2.0-85048725572,https://www.scopus.com/inward/record.uri?eid=2-s2.0-85048725572&doi=10.1016%2fj.stueduc.2018.06.002&partnerID=40&md5=962308077971288207f6a261b7ae0bfb,
2-s2.0-85050334015,https://www.scopus.com/inward/record.uri?eid=2-s2.0-85050334015&doi=10.11591%2fijeecs.v11.i3.pp1194-1203&partnerID=40&md5=cb3d79cac3f88bb111fc146323f38cdc,
2-s2.0-85047201510,https://www.scopus.com/inward/record.uri?eid=2-s2.0-85047201510&doi=10.1016%2fj.porgcoat.2018.05.012&partnerID=40&md5=ec51672b78d03f6d4a82e1ddbde9bbfd,
2-s2.0-85045749558,https://www.scopus.com/inward/record.uri?eid=2-s2.0-85045749558&doi=10.1016%2fj.ijleo.2018.04.048&partnerID=40&md5=7ff1071ca94984f6ef0f7ef0b10efd69,
2-s2.0-85053079640,https://www.scopus.com/inward/record.uri?eid=2-s2.0-85053079640&doi=10.11591%2fijpeds.v9.i3.pp1397-1405&partnerID=40&md5=4b962fbe46cbbdbed1ada07371f048d9,
2-s2.0-85047434186,https://www.scopus.com/inward/record.uri?eid=2-s2.0-85047434186&doi=10.1016%2fj.landusepol.2018.05.040&partnerID=40&md5=668992d6ac301048faab4ca24d6dde52,
2-s2.0-85042928513,https://www.scopus.com/inward/record.uri?eid=2-s2.0-85042928513&doi=10.1177%2f1369433218754698&partnerID=40&md5=6e63d725e8125de1a5b7b7d06a0df42b,
2-s2.0-85053085541,https://www.scopus.com/inward/record.uri?eid=2-s2.0-85053085541&doi=10.1016%2fj.jclepro.2018.05.151&partnerID=40&md5=e03a10aae1b9991642652d7532cdcb91,
2-s2.0-85051234100,https://www.scopus.com/inward/record.uri?eid=2-s2.0-85051234100&doi=10.1002%2fjctb.5611&partnerID=40&md5=b6f792ea93d8c883a3959cd3b6ce6347,
2-s2.0-85049439420,https://www.scopus.com/inward/record.uri?eid=2-s2.0-85049439420&doi=10.1016%2fj.mtcomm.2018.06.010&partnerID=40&md5=c0c26f1df21f1e73630a6ce4e61d1df8,
2-s2.0-85051299120,https://www.scopus.com/inward/record.uri?eid=2-s2.0-85051299120&doi=10.1002%2fmop.31326&partnerID=40&md5=742edbf8428ef0a04f9f3fa8eae16018,
2-s2.0-85047743583,https://www.scopus.com/inward/record.uri?eid=2-s2.0-85047743583&doi=10.1016%2fj.techfore.2018.05.021&partnerID=40&md5=2e19d4d11c142d3c892109df0bc5acbb,
2-s2.0-85051133904,https://www.scopus.com/inward/record.uri?eid=2-s2.0-85051133904&doi=10.1016%2fj.cherd.2018.07.034&partnerID=40&md5=6db5238f7523c32d4fab54c315bb8e7b,
2-s2.0-85050360783,https://www.scopus.com/inward/record.uri?eid=2-s2.0-85050360783&doi=10.11591%2fijeecs.v11.i3.pp1129-1135&partnerID=40&md5=8797eddd23a6130fe0f6a1e7050bedcb,
2-s2.0-85052931507,https://www.scopus.com/inward/record.uri?eid=2-s2.0-85052931507&partnerID=40&md5=8480f374b710416b5166898b8d1a15b3,
2-s2.0-85007256735,https://www.scopus.com/inward/record.uri?eid=2-s2.0-85007256735&doi=10.1007%2fs00521-016-2816-4&partnerID=40&md5=3208eb5ce59c8c3d896a7b11c8dc5b0d,
2-s2.0-85047188048,https://www.scopus.com/inward/record.uri?eid=2-s2.0-85047188048&doi=10.1007%2fs11277-018-5853-8&partnerID=40&md5=a73324e60dddc197e26a74672afc418e,
2-s2.0-85049088808,https://www.scopus.com/inward/record.uri?eid=2-s2.0-85049088808&doi=10.1016%2fj.enconman.2018.06.083&partnerID=40&md5=fcbce1159ff1ef53f4643737dfc85786,
2-s2.0-85052941345,https://www.scopus.com/inward/record.uri?eid=2-s2.0-85052941345&partnerID=40&md5=4a97444a0feb6691ecef02f0c32c668a,
2-s2.0-85053893393,https://www.scopus.com/inward/record.uri?eid=2-s2.0-85053893393&doi=10.1109%2fIEEEGCC.2017.8447982&partnerID=40&md5=b149ecd5214125f2583300be65b26796,
2-s2.0-85042178696,https://www.scopus.com/inward/record.uri?eid=2-s2.0-85042178696&doi=10.1007%2fs00542-018-3798-1&partnerID=40&md5=82111d57d90a822262fbcc1cdccf26b4,
2-s2.0-85050966069,https://www.scopus.com/inward/record.uri?eid=2-s2.0-85050966069&doi=10.1016%2fj.rinp.2018.07.033&partnerID=40&md5=3178725a25678f595bd6c8b62ed02505,
2-s2.0-85050906799,https://www.scopus.com/inward/record.uri?eid=2-s2.0-85050906799&doi=10.1002%2fpits.22155&partnerID=40&md5=bee1ca59b99a80c4f91967036e860acc,
2-s2.0-85049797573,https://www.scopus.com/inward/record.uri?eid=2-s2.0-85049797573&doi=10.1177%2f0020294018783440&partnerID=40&md5=56e13bd6f5c860a527bdabd379b461b5,
2-s2.0-85047090591,https://www.scopus.com/inward/record.uri?eid=2-s2.0-85047090591&doi=10.1016%2fj.ijbiomac.2018.04.137&partnerID=40&md5=bf793002a40c1dc0e4c3c8f12dd02e45,
2-s2.0-85048899191,https://www.scopus.com/inward/record.uri?eid=2-s2.0-85048899191&doi=10.1016%2fj.jaap.2018.06.021&partnerID=40&md5=acb4bc09d07eded1f2578cbce44dd1fd,
2-s2.0-85039849018,https://www.scopus.com/inward/record.uri?eid=2-s2.0-85039849018&doi=10.1002%2fnum.22221&partnerID=40&md5=037ea4797f348e17a03acaa917a1d01c,
2-s2.0-85052604504,https://www.scopus.com/inward/record.uri?eid=2-s2.0-85052604504&doi=10.3390%2fs18092799&partnerID=40&md5=19fab370bc236902b5b8666c364e9057,
2-s2.0-85050347339,https://www.scopus.com/inward/record.uri?eid=2-s2.0-85050347339&doi=10.11591%2fijeecs.v11.i3.pp1152-1161&partnerID=40&md5=96006da77e3400e282b38583c6829823,
2-s2.0-85047923186,https://www.scopus.com/inward/record.uri?eid=2-s2.0-85047923186&doi=10.1177%2f0959683618777061&partnerID=40&md5=c76550bb7a2a07ac24aa7980886bb52a,
2-s2.0-85050138147,https://www.scopus.com/inward/record.uri?eid=2-s2.0-85050138147&doi=10.1016%2fj.algal.2018.07.008&partnerID=40&md5=0babc808c3536a854326645756576bdb,
2-s2.0-85048894218,https://www.scopus.com/inward/record.uri?eid=2-s2.0-85048894218&doi=10.1016%2fj.enconman.2018.06.073&partnerID=40&md5=a67600659c1b5546bdf23e96b4d0edc6,
2-s2.0-85048503543,https://www.scopus.com/inward/record.uri?eid=2-s2.0-85048503543&doi=10.1016%2fj.fuproc.2018.05.030&partnerID=40&md5=654a5ef96f91f38a6381b4d36154c57c,
2-s2.0-85052729958,https://www.scopus.com/inward/record.uri?eid=2-s2.0-85052729958&doi=10.11113%2fjt.v80.10851&partnerID=40&md5=6c6210b12a3196f12df9ee2e5d39bef0,
2-s2.0-85047077568,https://www.scopus.com/inward/record.uri?eid=2-s2.0-85047077568&doi=10.1016%2fj.ijleo.2018.05.044&partnerID=40&md5=d34aaa37bad2f4b69e3285472bff16bd,
2-s2.0-85048402986,https://www.scopus.com/inward/record.uri?eid=2-s2.0-85048402986&doi=10.1016%2fj.jcsr.2018.06.004&partnerID=40&md5=da309fc11e7268c07c9b37f4ca618c8b,
2-s2.0-85051282543,https://www.scopus.com/inward/record.uri?eid=2-s2.0-85051282543&doi=10.1002%2fmop.31308&partnerID=40&md5=ce8b55855d20a49990013798009354ba,
2-s2.0-85042857474,https://www.scopus.com/inward/record.uri?eid=2-s2.0-85042857474&doi=10.1016%2fj.renene.2018.02.126&partnerID=40&md5=28d6d35c5bc7269b5d33e8d0ac99069a,
2-s2.0-85046169141,https://www.scopus.com/inward/record.uri?eid=2-s2.0-85046169141&doi=10.1016%2fj.jpcs.2018.04.036&partnerID=40&md5=1a99675d98a65f8a5a580dbdd113659e,
2-s2.0-85045036711,https://www.scopus.com/inward/record.uri?eid=2-s2.0-85045036711&doi=10.1016%2fj.scitotenv.2018.04.055&partnerID=40&md5=866130fcdc0f7b0412b3b54b21345fb5,
2-s2.0-85038902361,https://www.scopus.com/inward/record.uri?eid=2-s2.0-85038902361&doi=10.1631%2fFITEE.1601694&partnerID=40&md5=dfc448ac68775a033a3bb083d77b0221,
2-s2.0-85050339039,https://www.scopus.com/inward/record.uri?eid=2-s2.0-85050339039&doi=10.11591%2fijeecs.v11.i3.pp1162-1167&partnerID=40&md5=0a36b457bb33f55445cd5dec67afd4fd,
2-s2.0-85045046511,https://www.scopus.com/inward/record.uri?eid=2-s2.0-85045046511&doi=10.1177%2f0954407017729057&partnerID=40&md5=ddfc95e5ac02c759c40c02d0036efb4b,
2-s2.0-85050316857,https://www.scopus.com/inward/record.uri?eid=2-s2.0-85050316857&doi=10.1016%2fj.biochi.2018.07.011&partnerID=40&md5=c71be9e01024ebf0eb488c228226fa60,
2-s2.0-85028334782,https://www.scopus.com/inward/record.uri?eid=2-s2.0-85028334782&doi=10.1016%2fj.aej.2017.07.007&partnerID=40&md5=74103c90fe77e1a8d233030b5d939932,
2-s2.0-85046154855,https://www.scopus.com/inward/record.uri?eid=2-s2.0-85046154855&doi=10.1002%2fsat.1246&partnerID=40&md5=7a86f4588ab1193f9882768a018a6a91,
2-s2.0-85052912869,https://www.scopus.com/inward/record.uri?eid=2-s2.0-85052912869&doi=10.18178%2fijmerr.7.5.521-527&partnerID=40&md5=c4a4585ff344806645592943a48fec00,
2-s2.0-85041383430,https://www.scopus.com/inward/record.uri?eid=2-s2.0-85041383430&doi=10.1177%2f0954407017731167&partnerID=40&md5=96287c00feccc62b7b22ffe2560a0e05,
2-s2.0-85046365409,https://www.scopus.com/inward/record.uri?eid=2-s2.0-85046365409&doi=10.1016%2fj.ijleo.2018.04.084&partnerID=40&md5=8a4175885acafca6936c0b2ef9b7bf78,
2-s2.0-85052316946,https://www.scopus.com/inward/record.uri?eid=2-s2.0-85052316946&doi=10.1038%2fs41477-018-0224-8&partnerID=40&md5=91a05760a7cc87e845905fc4bfc6852c,
2-s2.0-85046105883,https://www.scopus.com/inward/record.uri?eid=2-s2.0-85046105883&doi=10.1016%2fj.gsd.2018.04.002&partnerID=40&md5=4e0a011e6cdba0c7a3c8af7dc9ed4ab3,
2-s2.0-85042518577,https://www.scopus.com/inward/record.uri?eid=2-s2.0-85042518577&doi=10.1016%2fj.renene.2018.02.007&partnerID=40&md5=2b4f1804369b5507785668c57a6b6fdb,
2-s2.0-85049317297,https://www.scopus.com/inward/record.uri?eid=2-s2.0-85049317297&doi=10.1109%2fJSEN.2018.2852358&partnerID=40&md5=cba8648033b5dca68b9836cea1826b0c,
2-s2.0-85053850202,https://www.scopus.com/inward/record.uri?eid=2-s2.0-85053850202&doi=10.1109%2fPEDG.2018.8447566&partnerID=40&md5=38310e29fd487674417f0a346a86f28c,
2-s2.0-85053597194,https://www.scopus.com/inward/record.uri?eid=2-s2.0-85053597194&doi=10.1109%2fEPECS.2018.8443567&partnerID=40&md5=3d45c94ce33b824e25bc1aa6f1aa6e43,
2-s2.0-85051994924,https://www.scopus.com/inward/record.uri?eid=2-s2.0-85051994924&doi=10.1088%2f1755-1315%2f169%2f1%2f012083&partnerID=40&md5=bd4e55225caa3b27a8609ee5fb6f8a65,
2-s2.0-85052682297,https://www.scopus.com/inward/record.uri?eid=2-s2.0-85052682297&doi=10.5829%2fije.2018.31.08b.34&partnerID=40&md5=3357caed4f74db9206ceb1ed0f00aec1,
2-s2.0-85049342055,https://www.scopus.com/inward/record.uri?eid=2-s2.0-85049342055&doi=10.1142%2fS0217979218502132&partnerID=40&md5=562756f9d88f37e658de245591b823d0,
2-s2.0-85051989216,https://www.scopus.com/inward/record.uri?eid=2-s2.0-85051989216&doi=10.1088%2f1755-1315%2f169%2f1%2f012072&partnerID=40&md5=edc59f5fea812c145d3606568d02810e,
2-s2.0-85053181373,https://www.scopus.com/inward/record.uri?eid=2-s2.0-85053181373&doi=10.1051%2fmatecconf%2f201819203025&partnerID=40&md5=738bbbd7d82f2402feea03906dc0b049,
2-s2.0-85053823219,https://www.scopus.com/inward/record.uri?eid=2-s2.0-85053823219&doi=10.12989%2fscs.2018.28.4.483&partnerID=40&md5=1e1a9acea2cdf4c8dcc2a04ccee63104,
2-s2.0-85053664165,https://www.scopus.com/inward/record.uri?eid=2-s2.0-85053664165&doi=10.1080%2f21681015.2018.1508081&partnerID=40&md5=94fc02e2f4022bf4cdcc9faae778e5b3,
2-s2.0-85051977239,https://www.scopus.com/inward/record.uri?eid=2-s2.0-85051977239&doi=10.1088%2f1755-1315%2f169%2f1%2f012006&partnerID=40&md5=8683bebabb9be431264044871143c167,
2-s2.0-85048725245,https://www.scopus.com/inward/record.uri?eid=2-s2.0-85048725245&doi=10.1016%2fj.sna.2018.06.020&partnerID=40&md5=11be1e3f581104398c8274a845b29e0e,
2-s2.0-85050928659,https://www.scopus.com/inward/record.uri?eid=2-s2.0-85050928659&doi=10.1108%2fPM-02-2017-0013&partnerID=40&md5=ebd1aa7e2581ebacc4753b947e624511,
2-s2.0-85044774605,https://www.scopus.com/inward/record.uri?eid=2-s2.0-85044774605&doi=10.1016%2fj.jiec.2018.03.014&partnerID=40&md5=f53846e8e618093de788a5571cdd21ce,
2-s2.0-85052690067,https://www.scopus.com/inward/record.uri?eid=2-s2.0-85052690067&doi=10.5829%2fije.2018.31.08b.22&partnerID=40&md5=32cd48a7b4ca8ab7463ac1f39cb3effb,
2-s2.0-85051973833,https://www.scopus.com/inward/record.uri?eid=2-s2.0-85051973833&doi=10.1088%2f1755-1315%2f169%2f1%2f012019&partnerID=40&md5=12fedb941b23d80263df1da6f11ad2a5,
2-s2.0-85051977914,https://www.scopus.com/inward/record.uri?eid=2-s2.0-85051977914&doi=10.1088%2f1755-1315%2f169%2f1%2f012077&partnerID=40&md5=855648ee7281e9d170e9196635b4cdc4,
2-s2.0-85053611591,https://www.scopus.com/inward/record.uri?eid=2-s2.0-85053611591&doi=10.17576%2fjsm-2018-4708-06&partnerID=40&md5=dfe90c84f6b50ba6ed37c8834d4ec230,
2-s2.0-85052714004,https://www.scopus.com/inward/record.uri?eid=2-s2.0-85052714004&doi=10.5829%2fije.2018.31.08b.24&partnerID=40&md5=b3de3e61b1b7b8c71aae4619664da72a,
2-s2.0-85053128303,https://www.scopus.com/inward/record.uri?eid=2-s2.0-85053128303&doi=10.1051%2fmatecconf%2f201818901007&partnerID=40&md5=27b824e0ee23514c46c2627fc5377b9c,
2-s2.0-85046713085,https://www.scopus.com/inward/record.uri?eid=2-s2.0-85046713085&doi=10.1016%2fj.bej.2018.05.004&partnerID=40&md5=3a55d3a0226e4063651f17f93ab5d7d7,
2-s2.0-85051843441,https://www.scopus.com/inward/record.uri?eid=2-s2.0-85051843441&doi=10.18520%2fcs%2fv115%2fi4%2f629-632&partnerID=40&md5=bcbc7e12021d0cb1b3cd85fbc0be36e7,
2-s2.0-85051992643,https://www.scopus.com/inward/record.uri?eid=2-s2.0-85051992643&doi=10.1088%2f1755-1315%2f169%2f1%2f012078&partnerID=40&md5=320a6521adea42875b151a356a558917,
2-s2.0-85052682394,https://www.scopus.com/inward/record.uri?eid=2-s2.0-85052682394&doi=10.5829%2fije.2018.31.08b.25&partnerID=40&md5=394fa70aa5be34384942c7827a2a1590,
2-s2.0-85057860473,https://www.scopus.com/inward/record.uri?eid=2-s2.0-85057860473&doi=10.1108%2fWJE-10-2017-0321&partnerID=40&md5=aeb6f6b320f5899950e1be7557a52208,
2-s2.0-85069179021,https://www.scopus.com/inward/record.uri?eid=2-s2.0-85069179021&doi=10.1109%2fICRITO.2018.8748751&partnerID=40&md5=0f829838e34d45b2124573a35fe7a495,
2-s2.0-85051959502,https://www.scopus.com/inward/record.uri?eid=2-s2.0-85051959502&doi=10.1088%2f1755-1315%2f169%2f1%2f012020&partnerID=40&md5=5eb37f3ca863fe5b614b930bcacd87eb,
2-s2.0-85052715643,https://www.scopus.com/inward/record.uri?eid=2-s2.0-85052715643&doi=10.5829%2fije.2018.31.08b.31&partnerID=40&md5=46c1f5c6ad69436632a214bacf2f8f64,
2-s2.0-85053625576,https://www.scopus.com/inward/record.uri?eid=2-s2.0-85053625576&doi=10.1051%2fmatecconf%2f201819502012&partnerID=40&md5=c68c84330eb0ca957303bedceb914552,
2-s2.0-85051995360,https://www.scopus.com/inward/record.uri?eid=2-s2.0-85051995360&doi=10.1088%2f1755-1315%2f169%2f1%2f012100&partnerID=40&md5=7439e3dec8873cbce204e6eea1923a4f,
2-s2.0-85052717420,https://www.scopus.com/inward/record.uri?eid=2-s2.0-85052717420&doi=10.5829%2fije.2018.31.08b.19&partnerID=40&md5=4987cbe071d3634653bf4397b42ae856,
2-s2.0-85048481435,https://www.scopus.com/inward/record.uri?eid=2-s2.0-85048481435&doi=10.1016%2fj.conbuildmat.2018.05.282&partnerID=40&md5=41351a154688ab9414e900a27a50c8ee,
2-s2.0-85051957390,https://www.scopus.com/inward/record.uri?eid=2-s2.0-85051957390&doi=10.1088%2f1755-1315%2f169%2f1%2f012115&partnerID=40&md5=903c322fa0b15760e52f807cc4187e79,
2-s2.0-85055895167,https://www.scopus.com/inward/record.uri?eid=2-s2.0-85055895167&doi=10.1016%2fj.anres.2018.10.011&partnerID=40&md5=b4c69ae0d5543ad0d1274e5c33e944ea,
2-s2.0-85052797065,https://www.scopus.com/inward/record.uri?eid=2-s2.0-85052797065&doi=10.3390%2fen11082002&partnerID=40&md5=c56884a1f285280537aec1ce10b3d562,
2-s2.0-85051949308,https://www.scopus.com/inward/record.uri?eid=2-s2.0-85051949308&doi=10.1088%2f1755-1315%2f169%2f1%2f012082&partnerID=40&md5=ee443128ecd73178c1bdab907d4ffd79,
2-s2.0-85051969494,https://www.scopus.com/inward/record.uri?eid=2-s2.0-85051969494&partnerID=40&md5=e53a3003464e649185a02a7d077d26a2,
2-s2.0-85069187302,https://www.scopus.com/inward/record.uri?eid=2-s2.0-85069187302&doi=10.1109%2fICRITO.2018.8748458&partnerID=40&md5=b6d692e1bbcdd1e1c9a2ef9632bb7cd7,
2-s2.0-85052204686,https://www.scopus.com/inward/record.uri?eid=2-s2.0-85052204686&doi=10.1007%2fs12665-018-7770-2&partnerID=40&md5=74ac956c0d41f066202af7f61adb3982,
2-s2.0-85052701083,https://www.scopus.com/inward/record.uri?eid=2-s2.0-85052701083&doi=10.5829%2fije.2018.31.08b.21&partnerID=40&md5=7d5a5c4f2f907818ea14986c26181bbb,
2-s2.0-85054411004,https://www.scopus.com/inward/record.uri?eid=2-s2.0-85054411004&partnerID=40&md5=87b9d78a0f303ab56624bf2024c0bbad,
2-s2.0-85052460911,https://www.scopus.com/inward/record.uri?eid=2-s2.0-85052460911&doi=10.1016%2fS1003-6326%2818%2964799-5&partnerID=40&md5=fa41d4d21c3093b9308b9f51d53f7546,
2-s2.0-85051968838,https://www.scopus.com/inward/record.uri?eid=2-s2.0-85051968838&doi=10.1088%2f1755-1315%2f169%2f1%2f012036&partnerID=40&md5=1b0efbd96e9f2bb087f6033ddcceca42,
2-s2.0-85053163450,https://www.scopus.com/inward/record.uri?eid=2-s2.0-85053163450&doi=10.1051%2fmatecconf%2f201818901006&partnerID=40&md5=41735f40a2cc302b112988f22a52e00e,
2-s2.0-85052576867,https://www.scopus.com/inward/record.uri?eid=2-s2.0-85052576867&partnerID=40&md5=c3fc3346791bae8c52ea8d29ef29dbe9,
2-s2.0-85048152872,https://www.scopus.com/inward/record.uri?eid=2-s2.0-85048152872&doi=10.1016%2fj.matchemphys.2018.05.019&partnerID=40&md5=962eab3f2104b3458cf049dd8fe6c737,
2-s2.0-85052152884,https://www.scopus.com/inward/record.uri?eid=2-s2.0-85052152884&doi=10.3390%2fsu10082941&partnerID=40&md5=0f7979789332d0476c5be872c85efff7,
2-s2.0-85053429616,https://www.scopus.com/inward/record.uri?eid=2-s2.0-85053429616&doi=10.1109%2fELECTRONICS.2018.8443637&partnerID=40&md5=0e51b3efd3dff6c6877a1c0728d5258f,
2-s2.0-85045051420,https://www.scopus.com/inward/record.uri?eid=2-s2.0-85045051420&doi=10.1016%2fj.snb.2018.03.069&partnerID=40&md5=a57a8609490ad50df7289ec7640119c7,
2-s2.0-85051962215,https://www.scopus.com/inward/record.uri?eid=2-s2.0-85051962215&doi=10.1088%2f1755-1315%2f169%2f1%2f012013&partnerID=40&md5=5b9a0bd6898cf5085ae52afac97a26cd,
2-s2.0-85052395301,https://www.scopus.com/inward/record.uri?eid=2-s2.0-85052395301&doi=10.1007%2fs12221-018-8110-6&partnerID=40&md5=ca8fc65e221af35d0656201dd8fa4cb8,
2-s2.0-85055284235,https://www.scopus.com/inward/record.uri?eid=2-s2.0-85055284235&partnerID=40&md5=a5f4656b915d4fbd95957d4bdcbd5876,
2-s2.0-85051984998,https://www.scopus.com/inward/record.uri?eid=2-s2.0-85051984998&doi=10.1088%2f1755-1315%2f169%2f1%2f012088&partnerID=40&md5=9a32956d500f7897cc0c7f3049e0787e,
2-s2.0-85053593507,https://www.scopus.com/inward/record.uri?eid=2-s2.0-85053593507&doi=10.1109%2fEPECS.2018.8443529&partnerID=40&md5=b41f49b3e5a11e43a12979f60501d46a,
2-s2.0-85052697477,https://www.scopus.com/inward/record.uri?eid=2-s2.0-85052697477&doi=10.5829%2fije.2018.31.08b.38&partnerID=40&md5=f6456753c772ef45d6ac4fb9f99d5284,
2-s2.0-85052512660,https://www.scopus.com/inward/record.uri?eid=2-s2.0-85052512660&doi=10.3390%2fsu10093043&partnerID=40&md5=33729af5009e1253c5f0fe41b0b76b44,
2-s2.0-85055192139,https://www.scopus.com/inward/record.uri?eid=2-s2.0-85055192139&partnerID=40&md5=f331cc4ad98512cc4118d7bea9e18389,
2-s2.0-85051998537,https://www.scopus.com/inward/record.uri?eid=2-s2.0-85051998537&doi=10.1088%2f1755-1315%2f169%2f1%2f012025&partnerID=40&md5=a607d0cf61fc4b5baa059880d9275c90,
2-s2.0-85051967576,https://www.scopus.com/inward/record.uri?eid=2-s2.0-85051967576&doi=10.1088%2f1755-1315%2f169%2f1%2f012059&partnerID=40&md5=0dc63ac62e1299c5326723b6749463d7,
2-s2.0-85051951309,https://www.scopus.com/inward/record.uri?eid=2-s2.0-85051951309&doi=10.1088%2f1755-1315%2f169%2f1%2f012089&partnerID=40&md5=0c1aafe8df8ab272a11c0ddd0cab2588,
2-s2.0-85058231658,https://www.scopus.com/inward/record.uri?eid=2-s2.0-85058231658&doi=10.1145%2f3277139.3277166&partnerID=40&md5=bfe6903bafae39c996bca85e435129b6,
2-s2.0-85053397370,https://www.scopus.com/inward/record.uri?eid=2-s2.0-85053397370&doi=10.1109%2fICGPR.2018.8441625&partnerID=40&md5=8e57b2c904b30207c44309ad68c55507,
2-s2.0-85117137970,https://www.scopus.com/inward/record.uri?eid=2-s2.0-85117137970&doi=10.11591%2fIJECE.V8I4.PP2148-2156&partnerID=40&md5=d9e31bcd913751ffd308a93b3bdc2c1d,
2-s2.0-85051963499,https://www.scopus.com/inward/record.uri?eid=2-s2.0-85051963499&doi=10.1088%2f1755-1315%2f169%2f1%2f012018&partnerID=40&md5=7c94d270dd4a82e42948e42a692fdc0a,
2-s2.0-85052676776,https://www.scopus.com/inward/record.uri?eid=2-s2.0-85052676776&doi=10.1088%2f1361-665X%2faacfe3&partnerID=40&md5=9fdb4bdd4b240770950dd61b0d38a895,
2-s2.0-85052613221,https://www.scopus.com/inward/record.uri?eid=2-s2.0-85052613221&doi=10.1142%2fS0218194018500304&partnerID=40&md5=82b9cea13fef24538e458fb6d8391181,
2-s2.0-85051963806,https://www.scopus.com/inward/record.uri?eid=2-s2.0-85051963806&doi=10.1088%2f1755-1315%2f169%2f1%2f012103&partnerID=40&md5=2e316a7769b92be0e16d76bd2adefc38,
2-s2.0-85052539691,https://www.scopus.com/inward/record.uri?eid=2-s2.0-85052539691&doi=10.3390%2fw10091124&partnerID=40&md5=0d705eee33f71d6152c7199e2e320a0e,
2-s2.0-85053214400,https://www.scopus.com/inward/record.uri?eid=2-s2.0-85053214400&partnerID=40&md5=81d80f4c482b85b89dd31bdc22cc5c29,
2-s2.0-85052697222,https://www.scopus.com/inward/record.uri?eid=2-s2.0-85052697222&doi=10.5829%2fije.2018.31.08b.35&partnerID=40&md5=1274fbf6d80b8fc1e47f5389f50db718,
2-s2.0-85054286616,https://www.scopus.com/inward/record.uri?eid=2-s2.0-85054286616&partnerID=40&md5=6b17d6cd6dc0bbba778ba1f95fe3e3cf,
2-s2.0-85051950984,https://www.scopus.com/inward/record.uri?eid=2-s2.0-85051950984&doi=10.1088%2f1755-1315%2f169%2f1%2f012096&partnerID=40&md5=2637f7f637f034f3decc85739bb09fdd,
2-s2.0-85069212206,https://www.scopus.com/inward/record.uri?eid=2-s2.0-85069212206&doi=10.1109%2fICRITO.2018.8748356&partnerID=40&md5=d7d7a9271da18c29ca235774a73a50f4,
2-s2.0-85052686675,https://www.scopus.com/inward/record.uri?eid=2-s2.0-85052686675&doi=10.5829%2fije.2018.31.08b.39&partnerID=40&md5=916ea28d90523fd0fc9d18dbe8c112ad,
2-s2.0-85052690012,https://www.scopus.com/inward/record.uri?eid=2-s2.0-85052690012&doi=10.5829%2fije.2018.31.08b.28&partnerID=40&md5=c43bfb8cbb4297a63176cac6d47b32ab,
2-s2.0-85054402447,https://www.scopus.com/inward/record.uri?eid=2-s2.0-85054402447&doi=10.1016%2fS1003-6326%2818%2964797-1&partnerID=40&md5=f6c07b3b3258038ed90fd9f01624ec73,
2-s2.0-85049342077,https://www.scopus.com/inward/record.uri?eid=2-s2.0-85049342077&doi=10.1109%2fJSEN.2018.2851300&partnerID=40&md5=740244589f57dcafdd60c5509ef1459e,
2-s2.0-85052710949,https://www.scopus.com/inward/record.uri?eid=2-s2.0-85052710949&doi=10.5829%2fije.2018.31.08b.30&partnerID=40&md5=1f80ee4f55b4f97518887d0ca57b6ef4,
2-s2.0-85051958459,https://www.scopus.com/inward/record.uri?eid=2-s2.0-85051958459&doi=10.1088%2f1755-1315%2f169%2f1%2f012034&partnerID=40&md5=196370ccf0a072ea061cb642962a66e6,
2-s2.0-85051957764,https://www.scopus.com/inward/record.uri?eid=2-s2.0-85051957764&doi=10.1088%2f1755-1315%2f169%2f1%2f012094&partnerID=40&md5=67c1a3db136711dd27d39127658d0a7c,
2-s2.0-85052628199,https://www.scopus.com/inward/record.uri?eid=2-s2.0-85052628199&doi=10.3390%2fgenes9080408&partnerID=40&md5=955e36d5b13e573dbbd13668c53c19cd,
2-s2.0-85053117429,https://www.scopus.com/inward/record.uri?eid=2-s2.0-85053117429&doi=10.1051%2fmatecconf%2f201818903027&partnerID=40&md5=e49e84937135643b8677c881e91a2968,
2-s2.0-85032215296,https://www.scopus.com/inward/record.uri?eid=2-s2.0-85032215296&doi=10.1080%2f01932691.2017.1382375&partnerID=40&md5=283580dd9eb40fd336faf866ef20d8b3,
2-s2.0-85053388451,https://www.scopus.com/inward/record.uri?eid=2-s2.0-85053388451&doi=10.2166%2faqua.2018.128&partnerID=40&md5=21baff0552105a79cf721561ad022e82,
2-s2.0-85048462395,https://www.scopus.com/inward/record.uri?eid=2-s2.0-85048462395&doi=10.1016%2fj.jbiotec.2018.05.015&partnerID=40&md5=398a401f59550a2e0a18fd2f72cbb2ab,
2-s2.0-85051992179,https://www.scopus.com/inward/record.uri?eid=2-s2.0-85051992179&doi=10.1088%2f1755-1315%2f169%2f1%2f012056&partnerID=40&md5=0356d59ee2a2a6b782b0393c644d1b97,
2-s2.0-85052692543,https://www.scopus.com/inward/record.uri?eid=2-s2.0-85052692543&doi=10.5829%2fije.2018.31.08b.20&partnerID=40&md5=9687d29b2d847190f5f3e4e12929d744,
2-s2.0-85051992678,https://www.scopus.com/inward/record.uri?eid=2-s2.0-85051992678&doi=10.1088%2f1755-1315%2f169%2f1%2f012042&partnerID=40&md5=c7d7f32022b3681157f0dbe6d9dae055,
2-s2.0-85051989684,https://www.scopus.com/inward/record.uri?eid=2-s2.0-85051989684&doi=10.1088%2f1755-1315%2f169%2f1%2f012106&partnerID=40&md5=ccc67b2372e235f5d7d88d16f877af9f,
2-s2.0-85051970269,https://www.scopus.com/inward/record.uri?eid=2-s2.0-85051970269&doi=10.1088%2f1755-1315%2f169%2f1%2f012040&partnerID=40&md5=f2a815b28ae714e1031ebd4859f0fff5,
2-s2.0-85053507227,https://www.scopus.com/inward/record.uri?eid=2-s2.0-85053507227&doi=10.1109%2fCAIS.2018.8441989&partnerID=40&md5=42603c4dcbc7fe57db773dd6b3362f72,
2-s2.0-85053251645,https://www.scopus.com/inward/record.uri?eid=2-s2.0-85053251645&doi=10.1051%2fe3sconf%2f20184802006&partnerID=40&md5=17ba91e86bb062e418efa87ce649bed3,
2-s2.0-85051945542,https://www.scopus.com/inward/record.uri?eid=2-s2.0-85051945542&doi=10.1088%2f1755-1315%2f169%2f1%2f012113&partnerID=40&md5=8594b4adb9e463a7e74338b5eeb2e394,
2-s2.0-85051964046,https://www.scopus.com/inward/record.uri?eid=2-s2.0-85051964046&doi=10.1088%2f1755-1315%2f169%2f1%2f012075&partnerID=40&md5=944cabc333e6cb14ac7fbfa5c1104593,
2-s2.0-85053838573,https://www.scopus.com/inward/record.uri?eid=2-s2.0-85053838573&doi=10.12989%2fscs.2018.28.4.439&partnerID=40&md5=bb5ce6b530bc55662f58e51f9c594998,
2-s2.0-85052711596,https://www.scopus.com/inward/record.uri?eid=2-s2.0-85052711596&doi=10.5829%2fije.2018.31.08b.26&partnerID=40&md5=c17608827d72fee6fdf368190b6c9147,
2-s2.0-85052709277,https://www.scopus.com/inward/record.uri?eid=2-s2.0-85052709277&doi=10.5829%2fije.2018.31.08b.37&partnerID=40&md5=f13e2d2ae4c3f11b453c594463d7afce,
2-s2.0-85052005389,https://www.scopus.com/inward/record.uri?eid=2-s2.0-85052005389&doi=10.1088%2f1755-1315%2f169%2f1%2f012024&partnerID=40&md5=8ce2f1f6a5268cad40bed5d06ca11039,
2-s2.0-85052000132,https://www.scopus.com/inward/record.uri?eid=2-s2.0-85052000132&doi=10.1088%2f1755-1315%2f169%2f1%2f012085&partnerID=40&md5=49b90628be64bfb8f3bcbb6acd22a661,
2-s2.0-85051960359,https://www.scopus.com/inward/record.uri?eid=2-s2.0-85051960359&doi=10.1088%2f1755-1315%2f169%2f1%2f012029&partnerID=40&md5=bbbb515cfcee964cb4bb852dddf069f4,
2-s2.0-85051975447,https://www.scopus.com/inward/record.uri?eid=2-s2.0-85051975447&doi=10.1088%2f1755-1315%2f169%2f1%2f012097&partnerID=40&md5=d3d4a9d913190372d53c3c14ab985ffc,
2-s2.0-85053917906,https://www.scopus.com/inward/record.uri?eid=2-s2.0-85053917906&doi=10.1111%2fjfpp.13689&partnerID=40&md5=d9bc54a98265abf612e7d81895b63410,
2-s2.0-85050155133,https://www.scopus.com/inward/record.uri?eid=2-s2.0-85050155133&doi=10.1007%2fs13205-018-1356-2&partnerID=40&md5=7bd41fa88909e3906a81c115656edff2,
2-s2.0-85049825230,https://www.scopus.com/inward/record.uri?eid=2-s2.0-85049825230&doi=10.12928%2fTELKOMNIKA.v16i4.9059&partnerID=40&md5=3ca72fe656b40ca35edfa4fb4dd8bf6a,
2-s2.0-85049827370,https://www.scopus.com/inward/record.uri?eid=2-s2.0-85049827370&doi=10.12928%2fTELKOMNIKA.v16i4.9043&partnerID=40&md5=13a0983db6df2dd3c97bfd5953806ea0,
2-s2.0-85049852616,https://www.scopus.com/inward/record.uri?eid=2-s2.0-85049852616&doi=10.12928%2fTELKOMNIKA.v16i4.9066&partnerID=40&md5=5a993550d7afe1d30e4c172996330434,
2-s2.0-85051383787,https://www.scopus.com/inward/record.uri?eid=2-s2.0-85051383787&doi=10.1016%2fj.energy.2018.05.020&partnerID=40&md5=6c9c32b9fd63df8f72282952174c8c40,
2-s2.0-85047791740,https://www.scopus.com/inward/record.uri?eid=2-s2.0-85047791740&doi=10.1108%2fJMTM-06-2017-0109&partnerID=40&md5=e5275ebe0ea96e2291ca6ba839ec7072,
2-s2.0-85046134707,https://www.scopus.com/inward/record.uri?eid=2-s2.0-85046134707&doi=10.1016%2fj.ijbiomac.2018.04.111&partnerID=40&md5=8bbe9fdb8a21a34c5e5f09bdb0e385f8,
2-s2.0-85044677159,https://www.scopus.com/inward/record.uri?eid=2-s2.0-85044677159&doi=10.1016%2fj.optcom.2018.03.053&partnerID=40&md5=d6c50919c6d30a2e594d10c2020da2e4,
2-s2.0-85050805407,https://www.scopus.com/inward/record.uri?eid=2-s2.0-85050805407&doi=10.1016%2fj.heliyon.2018.e00715&partnerID=40&md5=f79a3fbdaf366edf123487c4927ad457,
2-s2.0-85050487811,https://www.scopus.com/inward/record.uri?eid=2-s2.0-85050487811&doi=10.1002%2fett.3450&partnerID=40&md5=3b7ceac27530a9bb3ce88b3586bb41c1,
2-s2.0-85051442579,https://www.scopus.com/inward/record.uri?eid=2-s2.0-85051442579&doi=10.1371%2fjournal.pone.0200595&partnerID=40&md5=7b08c2c0f3c1888a50b6e46255586456,
2-s2.0-85049595205,https://www.scopus.com/inward/record.uri?eid=2-s2.0-85049595205&doi=10.11591%2fijece.v8i4.pp2531-2539&partnerID=40&md5=b98eb5fab05311056b769478aa03d9ec,
2-s2.0-85051931886,https://www.scopus.com/inward/record.uri?eid=2-s2.0-85051931886&doi=10.1088%2f1755-1315%2f169%2f1%2f012095&partnerID=40&md5=e3f589d2ff162e8312c85ceceb5b7a9a,
2-s2.0-85049604368,https://www.scopus.com/inward/record.uri?eid=2-s2.0-85049604368&doi=10.11591%2fijece.v8i4.pp2633-2642&partnerID=40&md5=8458a79ddaeb8aff6e4e4b286e4e0773,
2-s2.0-85051626810,https://www.scopus.com/inward/record.uri?eid=2-s2.0-85051626810&partnerID=40&md5=46f98ede9cb3dd3c11002f0f51bf66bf,
2-s2.0-85049857083,https://www.scopus.com/inward/record.uri?eid=2-s2.0-85049857083&doi=10.12928%2fTELKOMNIKA.v16i4.9065&partnerID=40&md5=42469704eb8171eace64bb3846635be4,
2-s2.0-85045542366,https://www.scopus.com/inward/record.uri?eid=2-s2.0-85045542366&doi=10.1016%2fj.ceramint.2018.03.275&partnerID=40&md5=6375d2a4910ad50a3221667647e82a67,
2-s2.0-85049856559,https://www.scopus.com/inward/record.uri?eid=2-s2.0-85049856559&doi=10.12928%2fTELKOMNIKA.v16i4.9069&partnerID=40&md5=a42cad395fe4dcbd13a9e36400c78d18,
2-s2.0-85049018104,https://www.scopus.com/inward/record.uri?eid=2-s2.0-85049018104&doi=10.21577%2f0103-5053.20180047&partnerID=40&md5=cde4e4019d1cde5a532fe1d810199f5d,
2-s2.0-85049556213,https://www.scopus.com/inward/record.uri?eid=2-s2.0-85049556213&doi=10.11591%2fijece.v8i4.pp2512-2520&partnerID=40&md5=9d274666cd709a4b297cafe7f1792098,
2-s2.0-85051942468,https://www.scopus.com/inward/record.uri?eid=2-s2.0-85051942468&doi=10.1088%2f1755-1315%2f169%2f1%2f012003&partnerID=40&md5=f66611966be1c156a423b43cde07bea6,
2-s2.0-85051258049,https://www.scopus.com/inward/record.uri?eid=2-s2.0-85051258049&doi=10.22190%2fFUME180117024G&partnerID=40&md5=24e5592fa280e10aeaaf93046513d167,
2-s2.0-85045081253,https://www.scopus.com/inward/record.uri?eid=2-s2.0-85045081253&doi=10.1016%2fj.ijleo.2018.03.128&partnerID=40&md5=a1165a202b4a77775af40b0423a0ee86,
2-s2.0-85042178818,https://www.scopus.com/inward/record.uri?eid=2-s2.0-85042178818&doi=10.1109%2fTAES.2018.2807300&partnerID=40&md5=ec699d14a86c30c82b3eb42df8f252e4,
2-s2.0-85047255718,https://www.scopus.com/inward/record.uri?eid=2-s2.0-85047255718&doi=10.1016%2fj.marpolbul.2018.05.022&partnerID=40&md5=ec7a36017bd6888ea1ed996883e17dce,
2-s2.0-85049851427,https://www.scopus.com/inward/record.uri?eid=2-s2.0-85049851427&doi=10.12928%2fTELKOMNIKA.v16i4.9068&partnerID=40&md5=87000659c9554b81adf6ffb1d66b6b3d,
2-s2.0-85049840443,https://www.scopus.com/inward/record.uri?eid=2-s2.0-85049840443&doi=10.12928%2fTELKOMNIKA.v16i4.9057&partnerID=40&md5=554f91637244843db829134d1ae2cc21,
2-s2.0-85047205778,https://www.scopus.com/inward/record.uri?eid=2-s2.0-85047205778&doi=10.1016%2fj.compgeo.2018.03.012&partnerID=40&md5=8ec7375fa3b9cbab3c433f3b3d75c810,
2-s2.0-85045700185,https://www.scopus.com/inward/record.uri?eid=2-s2.0-85045700185&doi=10.1016%2fj.rser.2018.04.020&partnerID=40&md5=606ef1dfecc166b2f449f14bc02f87a4,
2-s2.0-85049559055,https://www.scopus.com/inward/record.uri?eid=2-s2.0-85049559055&doi=10.11591%2fijece.v8i4.pp2254-2260&partnerID=40&md5=0c5d54eb5246e58533ff8c7f6b699a8e,
2-s2.0-85048197449,https://www.scopus.com/inward/record.uri?eid=2-s2.0-85048197449&doi=10.11591%2fijeecs.v11.i2.pp607-613&partnerID=40&md5=e38741734f7b4d6e446cf12ed03de2af,
2-s2.0-85051662323,https://www.scopus.com/inward/record.uri?eid=2-s2.0-85051662323&partnerID=40&md5=5ed4400c839e3e909d6e1cefed3626d4,
2-s2.0-85049670559,https://www.scopus.com/inward/record.uri?eid=2-s2.0-85049670559&doi=10.1007%2fs10098-018-1581-8&partnerID=40&md5=e4d8520cce4f594e48cf97cfa7bc006a,
2-s2.0-85049831208,https://www.scopus.com/inward/record.uri?eid=2-s2.0-85049831208&doi=10.12928%2fTELKOMNIKA.v16i4.9061&partnerID=40&md5=22db8249dcf47eb6030594a612d68c86,
2-s2.0-85048174294,https://www.scopus.com/inward/record.uri?eid=2-s2.0-85048174294&doi=10.11591%2fijeecs.v11.i2.pp577-584&partnerID=40&md5=5695f3c2fe810478b17caf60b466a13e,
2-s2.0-85047450838,https://www.scopus.com/inward/record.uri?eid=2-s2.0-85047450838&doi=10.1007%2fs00216-018-1120-9&partnerID=40&md5=7d311c3fd5640f09d372e5632813b760,
2-s2.0-85049870622,https://www.scopus.com/inward/record.uri?eid=2-s2.0-85049870622&doi=10.12928%2fTELKOMNIKA.v16i4.9058&partnerID=40&md5=24513a46aba2a26b0a063d4fe9e059cb,
2-s2.0-85046825490,https://www.scopus.com/inward/record.uri?eid=2-s2.0-85046825490&doi=10.1016%2fj.orgel.2018.04.050&partnerID=40&md5=f8fbdefda5dec6dcb40cbfe47947ea96,
2-s2.0-85045061093,https://www.scopus.com/inward/record.uri?eid=2-s2.0-85045061093&doi=10.1016%2fj.ijleo.2018.04.034&partnerID=40&md5=5006dde6d62b9f90298cbb1af9fd680f,
2-s2.0-85046534114,https://www.scopus.com/inward/record.uri?eid=2-s2.0-85046534114&doi=10.1002%2fjemt.23049&partnerID=40&md5=c7f25d99d98f3d902e9774773a56fff2,
2-s2.0-85041814072,https://www.scopus.com/inward/record.uri?eid=2-s2.0-85041814072&doi=10.1007%2fs10706-018-0457-3&partnerID=40&md5=25f543404e4412d436e2f07ac7160936,
2-s2.0-85049593289,https://www.scopus.com/inward/record.uri?eid=2-s2.0-85049593289&doi=10.11591%2fijece.v8i4.pp2624-2632&partnerID=40&md5=cce4e71df71e040d9ac6fe3e87894bc5,
2-s2.0-85049868787,https://www.scopus.com/inward/record.uri?eid=2-s2.0-85049868787&doi=10.12928%2fTELKOMNIKA.v16i4.9512&partnerID=40&md5=18c119cb96f68a49493ec1f58a2d1587,
2-s2.0-85051675642,https://www.scopus.com/inward/record.uri?eid=2-s2.0-85051675642&doi=10.21595%2fjve.2018.19058&partnerID=40&md5=54bf5414d8523906c6b8a8377c0d84e9,
2-s2.0-85049859443,https://www.scopus.com/inward/record.uri?eid=2-s2.0-85049859443&doi=10.12928%2fTELKOMNIKA.v16i4.9046&partnerID=40&md5=c538ef6c13ffe9db033aa825ec4e7d17,
2-s2.0-85051664359,https://www.scopus.com/inward/record.uri?eid=2-s2.0-85051664359&doi=10.3390%2frs10081186&partnerID=40&md5=f5d1c15e6d00528b83c98998baaf64ed,
2-s2.0-85041898592,https://www.scopus.com/inward/record.uri?eid=2-s2.0-85041898592&doi=10.1007%2fs00542-018-3765-x&partnerID=40&md5=940f13cc29d5e427d3821e192d5efd02,
2-s2.0-85048480731,https://www.scopus.com/inward/record.uri?eid=2-s2.0-85048480731&doi=10.1007%2fs11356-018-2492-2&partnerID=40&md5=e18ac5e0e055e152815df0bc24f984e2,
2-s2.0-85049597482,https://www.scopus.com/inward/record.uri?eid=2-s2.0-85049597482&doi=10.11591%2fijece.v8i4.pp2557-2563&partnerID=40&md5=436118dbf3ed1873b9ee1bdec689afef,
2-s2.0-85047337945,https://www.scopus.com/inward/record.uri?eid=2-s2.0-85047337945&doi=10.1016%2fj.enconman.2018.05.070&partnerID=40&md5=95fa5fc53fdfef5673157f449e0422a3,
2-s2.0-85049582954,https://www.scopus.com/inward/record.uri?eid=2-s2.0-85049582954&doi=10.11591%2fijece.v8i4.pp2477-2485&partnerID=40&md5=12924369c62edfa87a2e756a1325e5d3,
2-s2.0-85049582840,https://www.scopus.com/inward/record.uri?eid=2-s2.0-85049582840&doi=10.11591%2fijece.v8i4.2148-2156&partnerID=40&md5=5c64e380dc70f71fce12ce23dc9be31a,
2-s2.0-85051925941,https://www.scopus.com/inward/record.uri?eid=2-s2.0-85051925941&doi=10.1088%2f1755-1315%2f169%2f1%2f012010&partnerID=40&md5=00912883a7aeea53ab8d87a45a21ee7e,
2-s2.0-85047176478,https://www.scopus.com/inward/record.uri?eid=2-s2.0-85047176478&doi=10.1007%2fs11356-018-2286-6&partnerID=40&md5=bca5c543d7fb4238eca8d3b56ccdadb6,
2-s2.0-85048459603,https://www.scopus.com/inward/record.uri?eid=2-s2.0-85048459603&doi=10.1109%2fTED.2018.2840105&partnerID=40&md5=5e50cff3ff11591d99fc8a388343cd69,
2-s2.0-85049590348,https://www.scopus.com/inward/record.uri?eid=2-s2.0-85049590348&doi=10.11591%2fijece.v8i4.pp2564-2570&partnerID=40&md5=ae5d0dc843db7862c6cf4e872a5cf5b6,
2-s2.0-85037650670,https://www.scopus.com/inward/record.uri?eid=2-s2.0-85037650670&doi=10.1007%2fs12205-017-1822-0&partnerID=40&md5=93a5b4dc03f17ef7a75468ccaee51cb3,
2-s2.0-85042217777,https://www.scopus.com/inward/record.uri?eid=2-s2.0-85042217777&doi=10.1177%2f1077546317707877&partnerID=40&md5=3337f3cb4b197e2bda5688bea600eea1,
2-s2.0-85048427583,https://www.scopus.com/inward/record.uri?eid=2-s2.0-85048427583&doi=10.1016%2fj.polymertesting.2018.06.013&partnerID=40&md5=d1155209e9f9beaca2ebe1251c726e2d,
2-s2.0-85046149957,https://www.scopus.com/inward/record.uri?eid=2-s2.0-85046149957&doi=10.1016%2fj.physe.2018.04.005&partnerID=40&md5=7687c639b1b1aa08113bd3babed8cfcc,
2-s2.0-85051923911,https://www.scopus.com/inward/record.uri?eid=2-s2.0-85051923911&doi=10.1088%2f1755-1315%2f169%2f1%2f012012&partnerID=40&md5=60391933578d66d815a663e09188afdb,
2-s2.0-85051066161,https://www.scopus.com/inward/record.uri?eid=2-s2.0-85051066161&doi=10.3390%2fs18082464&partnerID=40&md5=0c7446bceb235b42e475152b78e05e72,
2-s2.0-85049953060,https://www.scopus.com/inward/record.uri?eid=2-s2.0-85049953060&doi=10.1016%2fj.psep.2018.06.032&partnerID=40&md5=52c122367547fd3b84e226bf494d3803,
2-s2.0-85049600928,https://www.scopus.com/inward/record.uri?eid=2-s2.0-85049600928&doi=10.11591%2fijece.v8i4.pp2521-2530&partnerID=40&md5=432c9ce5e969636841d3d30943641b7e,
2-s2.0-85049556785,https://www.scopus.com/inward/record.uri?eid=2-s2.0-85049556785&doi=10.11591%2fijece.v8i4.pp2614-2623&partnerID=40&md5=8a7aeb22e8ab209ec20a3e0395cbaa21,
2-s2.0-85046168745,https://www.scopus.com/inward/record.uri?eid=2-s2.0-85046168745&doi=10.1016%2fj.desal.2018.04.009&partnerID=40&md5=e8d1a72d4bbacdf8b47275bd79e68104,
2-s2.0-85050402650,https://www.scopus.com/inward/record.uri?eid=2-s2.0-85050402650&doi=10.1007%2fs11082-018-1578-x&partnerID=40&md5=23e2e3478cb9e0f494a3a344d4f86530,
2-s2.0-85049536316,https://www.scopus.com/inward/record.uri?eid=2-s2.0-85049536316&doi=10.1049%2fiet-opt.2017.0134&partnerID=40&md5=51d8b0d69be85d549885d67179674245,
2-s2.0-85048032743,https://www.scopus.com/inward/record.uri?eid=2-s2.0-85048032743&doi=10.1061%2f%28ASCE%29CF.1943-5509.0001164&partnerID=40&md5=e6b36706812cc73c8eab1595cfb49ed5,
2-s2.0-85045028128,https://www.scopus.com/inward/record.uri?eid=2-s2.0-85045028128&doi=10.1007%2fs00542-018-3774-9&partnerID=40&md5=5c82499de928cf3ac355a07c1cf707f1,
2-s2.0-85047224646,https://www.scopus.com/inward/record.uri?eid=2-s2.0-85047224646&doi=10.1007%2fs11664-018-6366-7&partnerID=40&md5=03b8e766d05dad8fe286f0fdea0623ad,
2-s2.0-85046496319,https://www.scopus.com/inward/record.uri?eid=2-s2.0-85046496319&doi=10.1016%2fj.measurement.2018.04.057&partnerID=40&md5=56ed570bfcbc1414b9e825a0b3922cef,
2-s2.0-85042370865,https://www.scopus.com/inward/record.uri?eid=2-s2.0-85042370865&doi=10.1177%2f0165551517706231&partnerID=40&md5=6a5eed6bdd81686ed81b72adc5389674,
2-s2.0-85051926815,https://www.scopus.com/inward/record.uri?eid=2-s2.0-85051926815&doi=10.1088%2f1755-1315%2f169%2f1%2f012081&partnerID=40&md5=4650b1939d99f45593d5b7ded01986ef,
2-s2.0-85047486996,https://www.scopus.com/inward/record.uri?eid=2-s2.0-85047486996&doi=10.1016%2fj.chemosphere.2018.04.033&partnerID=40&md5=aaf65dfbdd9f17d776d35ef4218ea8a6,
2-s2.0-85046543024,https://www.scopus.com/inward/record.uri?eid=2-s2.0-85046543024&doi=10.1016%2fj.phytol.2018.05.001&partnerID=40&md5=09f0d8f3ecf0910c132c64dc2e8bbcfe,
2-s2.0-85051467807,https://www.scopus.com/inward/record.uri?eid=2-s2.0-85051467807&doi=10.1007%2fs13205-018-1391-z&partnerID=40&md5=66cb779461002d8dd320ee07afbb0b18,
2-s2.0-85051678713,https://www.scopus.com/inward/record.uri?eid=2-s2.0-85051678713&partnerID=40&md5=959d3a4ed639ed89d222563c99d2f256,
2-s2.0-85048528013,https://www.scopus.com/inward/record.uri?eid=2-s2.0-85048528013&doi=10.1002%2fmop.31269&partnerID=40&md5=99313bd3887e3e13e3ce8bffc92f5556,
2-s2.0-85046099912,https://www.scopus.com/inward/record.uri?eid=2-s2.0-85046099912&doi=10.1016%2fj.catena.2018.04.023&partnerID=40&md5=98ce2336086848bec7fa1b1c59b7cd29,
2-s2.0-85048440288,https://www.scopus.com/inward/record.uri?eid=2-s2.0-85048440288&doi=10.1016%2fj.trd.2018.05.015&partnerID=40&md5=c49ec505d391ac0a9f5a72b4ae1d1144,
2-s2.0-85051871780,https://www.scopus.com/inward/record.uri?eid=2-s2.0-85051871780&doi=10.1002%2fjccs.201700427&partnerID=40&md5=4ddf16fe763930f2e014fe8ec5f80e09,
2-s2.0-85045071243,https://www.scopus.com/inward/record.uri?eid=2-s2.0-85045071243&doi=10.1016%2fj.tele.2018.03.018&partnerID=40&md5=0f89bcda60112d0a0218a9369a2a95f6,
2-s2.0-85048504510,https://www.scopus.com/inward/record.uri?eid=2-s2.0-85048504510&doi=10.1016%2fj.matchemphys.2018.04.118&partnerID=40&md5=4959163e19bcdbf1eee3ac3ada38bfc3,
2-s2.0-85048541104,https://www.scopus.com/inward/record.uri?eid=2-s2.0-85048541104&doi=10.1109%2fLAWP.2018.2846600&partnerID=40&md5=97b1b133235f3ab6ce6ce4e06c798c0a,
2-s2.0-85047217133,https://www.scopus.com/inward/record.uri?eid=2-s2.0-85047217133&doi=10.1007%2fs11664-018-6360-0&partnerID=40&md5=a2afdf399870702ad464807f352110ce,
2-s2.0-85049342915,https://www.scopus.com/inward/record.uri?eid=2-s2.0-85049342915&doi=10.1016%2fj.wasman.2018.06.045&partnerID=40&md5=d173aa9f61a5854743917ffb117de5c2,
2-s2.0-85047162720,https://www.scopus.com/inward/record.uri?eid=2-s2.0-85047162720&doi=10.1007%2fs11837-018-2930-0&partnerID=40&md5=604c5701a4f450ab4eff31476e2c9ba3,
2-s2.0-85049844604,https://www.scopus.com/inward/record.uri?eid=2-s2.0-85049844604&doi=10.12928%2fTELKOMNIKA.v16i4.9064&partnerID=40&md5=414f684ed0abd65812e3fa26ea98bdd1,
2-s2.0-85051942795,https://www.scopus.com/inward/record.uri?eid=2-s2.0-85051942795&doi=10.1088%2f1755-1315%2f169%2f1%2f012086&partnerID=40&md5=56da27883e0349aa03072f7b0fc52bd4,
2-s2.0-85049937452,https://www.scopus.com/inward/record.uri?eid=2-s2.0-85049937452&doi=10.1016%2fj.jrurstud.2018.07.001&partnerID=40&md5=b7a377fb06a0ea5f97ff454f88bd22bc,
2-s2.0-85046787860,https://www.scopus.com/inward/record.uri?eid=2-s2.0-85046787860&doi=10.1016%2fj.ijbiomac.2018.04.156&partnerID=40&md5=7519a6ebd273771a99c6272fed63bf4c,
2-s2.0-85040072315,https://www.scopus.com/inward/record.uri?eid=2-s2.0-85040072315&doi=10.1016%2fj.ibusrev.2018.01.001&partnerID=40&md5=3f660c9e9a4fac8155c1fab1a71341ce,
2-s2.0-85049850824,https://www.scopus.com/inward/record.uri?eid=2-s2.0-85049850824&doi=10.12928%2fTELKOMNIKA.v16i4.9041&partnerID=40&md5=be221ae1afd18b19c306a8fdb32feda6,
2-s2.0-85049557737,https://www.scopus.com/inward/record.uri?eid=2-s2.0-85049557737&doi=10.11591%2fijece.v8i4.pp2540-2548&partnerID=40&md5=78869c8cb44634d88c2697374be63d02,
2-s2.0-85051092037,https://www.scopus.com/inward/record.uri?eid=2-s2.0-85051092037&doi=10.3390%2fsu10082707&partnerID=40&md5=fff760cceb75e1287ce27739563f505d,
2-s2.0-85045272122,https://www.scopus.com/inward/record.uri?eid=2-s2.0-85045272122&doi=10.1007%2fs11107-018-0764-x&partnerID=40&md5=4c9cce0dd019ca895957662d7dcc8c29,
2-s2.0-85051930574,https://www.scopus.com/inward/record.uri?eid=2-s2.0-85051930574&doi=10.1088%2f1755-1315%2f169%2f1%2f012069&partnerID=40&md5=e581ffd4df016f60a32ed2e36a2fad20,
2-s2.0-85047792249,https://www.scopus.com/inward/record.uri?eid=2-s2.0-85047792249&doi=10.1007%2fs10853-018-2403-4&partnerID=40&md5=0885fb711dee1edb59b13d92a5788c6c,
2-s2.0-85051932352,https://www.scopus.com/inward/record.uri?eid=2-s2.0-85051932352&doi=10.1088%2f1755-1315%2f169%2f1%2f012076&partnerID=40&md5=8fde3df66bac8af84d7f72a86731ea32,
2-s2.0-85049639108,https://www.scopus.com/inward/record.uri?eid=2-s2.0-85049639108&doi=10.1080%2f01431161.2018.1492182&partnerID=40&md5=440d2531776600b47718e02ea0f143e2,
2-s2.0-85046170198,https://www.scopus.com/inward/record.uri?eid=2-s2.0-85046170198&doi=10.1016%2fj.jallcom.2018.04.218&partnerID=40&md5=a391a7e1cc7528802b906d4763f6aa21,
2-s2.0-85050459070,https://www.scopus.com/inward/record.uri?eid=2-s2.0-85050459070&doi=10.1063%2f1.5047195&partnerID=40&md5=571782bd9c4d8f923af5d6d47eef206e,
2-s2.0-85051378366,https://www.scopus.com/inward/record.uri?eid=2-s2.0-85051378366&doi=10.1088%2f1742-6596%2f1049%2f1%2f012106&partnerID=40&md5=e57ba73eed6f52fa9ecb9e6b3f0b1b93,
2-s2.0-85050987586,https://www.scopus.com/inward/record.uri?eid=2-s2.0-85050987586&doi=10.1109%2fACCESS.2018.2854784&partnerID=40&md5=81d9394ea79f4f46ac38e88af721aecd,
2-s2.0-85051396199,https://www.scopus.com/inward/record.uri?eid=2-s2.0-85051396199&doi=10.1088%2f1755-1315%2f175%2f1%2f012166&partnerID=40&md5=30c6d3499a6efa056895e6daded4a7a7,
2-s2.0-85051389804,https://www.scopus.com/inward/record.uri?eid=2-s2.0-85051389804&doi=10.1088%2f1742-6596%2f1049%2f1%2f012036&partnerID=40&md5=3282b4a8f05dee557c79a373b9f8c19e,
2-s2.0-85051363658,https://www.scopus.com/inward/record.uri?eid=2-s2.0-85051363658&doi=10.1088%2f1742-6596%2f1049%2f1%2f012002&partnerID=40&md5=6ac47d80402525f5ccbefecbb8188252,
2-s2.0-85044464067,https://www.scopus.com/inward/record.uri?eid=2-s2.0-85044464067&doi=10.1016%2fj.molstruc.2018.03.004&partnerID=40&md5=edee17d695ca94b64268063dcdd94b64,
2-s2.0-85064749389,https://www.scopus.com/inward/record.uri?eid=2-s2.0-85064749389&doi=10.1109%2fPECON.2018.8684040&partnerID=40&md5=0bb6af5b4156fdbf6970acae27a6a55d,
2-s2.0-85034850244,https://www.scopus.com/inward/record.uri?eid=2-s2.0-85034850244&doi=10.1002%2fsuco.201700134&partnerID=40&md5=b0fcc11d071722dece14e1af38bdba24,
2-s2.0-85065992285,https://www.scopus.com/inward/record.uri?eid=2-s2.0-85065992285&doi=10.1109%2fSPC.2018.8704154&partnerID=40&md5=70f033f5aecfe826b312f11a5a5f4044,
2-s2.0-85064737942,https://www.scopus.com/inward/record.uri?eid=2-s2.0-85064737942&doi=10.1109%2fPECON.2018.8684054&partnerID=40&md5=a608ca8e51ba3efdc102723a47f9cd01,
2-s2.0-85051389025,https://www.scopus.com/inward/record.uri?eid=2-s2.0-85051389025&doi=10.1088%2f1742-6596%2f1049%2f1%2f012044&partnerID=40&md5=b9eaf4037043f83bad538f5837f66124,
2-s2.0-85051392013,https://www.scopus.com/inward/record.uri?eid=2-s2.0-85051392013&doi=10.1088%2f1742-6596%2f1049%2f1%2f012001&partnerID=40&md5=6066d9476778c68fdb84b4a3a3b66ebc,
2-s2.0-85048972884,https://www.scopus.com/inward/record.uri?eid=2-s2.0-85048972884&doi=10.1108%2fBFJ-07-2017-0366&partnerID=40&md5=41bcd48775237da6d7be20ce45c932d2,
2-s2.0-85064732890,https://www.scopus.com/inward/record.uri?eid=2-s2.0-85064732890&doi=10.1109%2fPECON.2018.8684059&partnerID=40&md5=366cfb22b3a94ded8f1fdd66a2565a9f,
2-s2.0-85051370006,https://www.scopus.com/inward/record.uri?eid=2-s2.0-85051370006&doi=10.1088%2f1742-6596%2f1049%2f1%2f012049&partnerID=40&md5=1f229cafc018e00b32836aff5bff9a6e,
2-s2.0-85050737331,https://www.scopus.com/inward/record.uri?eid=2-s2.0-85050737331&doi=10.1109%2fIC3e.2017.8409241&partnerID=40&md5=b13ed87c4661556823ec466e54e2af53,
2-s2.0-85051390917,https://www.scopus.com/inward/record.uri?eid=2-s2.0-85051390917&doi=10.1088%2f1742-6596%2f1049%2f1%2f012105&partnerID=40&md5=fdec77fbb114d61b1253406b2ce0d751,
2-s2.0-85050504764,https://www.scopus.com/inward/record.uri?eid=2-s2.0-85050504764&doi=10.1088%2f1757-899X%2f380%2f1%2f012021&partnerID=40&md5=f90473ea079996f597cc6e9086d98493,
2-s2.0-85050726689,https://www.scopus.com/inward/record.uri?eid=2-s2.0-85050726689&doi=10.1109%2fIC3e.2017.8409244&partnerID=40&md5=87628cb6a79845bd9becd2cc2c8ef1f1,
2-s2.0-85047876125,https://www.scopus.com/inward/record.uri?eid=2-s2.0-85047876125&doi=10.1108%2fJSM-01-2017-0031&partnerID=40&md5=a2587f286e9afc276ebcd0238239c6de,
2-s2.0-85063456093,https://www.scopus.com/inward/record.uri?eid=2-s2.0-85063456093&doi=10.1007%2f978-981-10-8666-3_2&partnerID=40&md5=9037ee7548d77cf044d464df23c7af81,
2-s2.0-85051364856,https://www.scopus.com/inward/record.uri?eid=2-s2.0-85051364856&doi=10.1088%2f1742-6596%2f1049%2f1%2f012027&partnerID=40&md5=f569c9bad133578d02e25fdb6ea4199f,
2-s2.0-85050463635,https://www.scopus.com/inward/record.uri?eid=2-s2.0-85050463635&doi=10.1063%2f1.5047174&partnerID=40&md5=bc8e9d9d953163c8683d5d777cdf659e,
2-s2.0-85051109027,https://www.scopus.com/inward/record.uri?eid=2-s2.0-85051109027&partnerID=40&md5=1717b983dd4c991886867af551d9e3ab,
2-s2.0-85051390189,https://www.scopus.com/inward/record.uri?eid=2-s2.0-85051390189&doi=10.1088%2f1742-6596%2f1049%2f1%2f012034&partnerID=40&md5=2f3518a878f3600cdce531f2627719db,
2-s2.0-85049882684,https://www.scopus.com/inward/record.uri?eid=2-s2.0-85049882684&doi=10.3390%2fnano8070514&partnerID=40&md5=e925830ce71231c8e6570e43f12d01ba,
2-s2.0-85064756012,https://www.scopus.com/inward/record.uri?eid=2-s2.0-85064756012&doi=10.1109%2fICRAMET.2018.8683920&partnerID=40&md5=d01354712ea2cebc79b03ef9b5755f64,
2-s2.0-85066318177,https://www.scopus.com/inward/record.uri?eid=2-s2.0-85066318177&doi=10.1109%2fICCEREC.2018.8711995&partnerID=40&md5=0b82da30ff10fdb116857601bdb4caa9,
2-s2.0-85064752212,https://www.scopus.com/inward/record.uri?eid=2-s2.0-85064752212&doi=10.1109%2fPECON.2018.8684155&partnerID=40&md5=64f3d9887f8a43cc644d931dc8315eec,
2-s2.0-85011664740,https://www.scopus.com/inward/record.uri?eid=2-s2.0-85011664740&doi=10.1007%2fs11276-017-1461-x&partnerID=40&md5=e97d52ceca3fff4aeadf8936749a407a,
2-s2.0-85050494135,https://www.scopus.com/inward/record.uri?eid=2-s2.0-85050494135&doi=10.1063%2f1.5047173&partnerID=40&md5=78853a714555521f731b551fcd1f782f,
2-s2.0-85042188857,https://www.scopus.com/inward/record.uri?eid=2-s2.0-85042188857&doi=10.1016%2fj.jiec.2018.02.010&partnerID=40&md5=50466e1bdf28badf35e44f21523d6de3,
2-s2.0-85033404021,https://www.scopus.com/inward/record.uri?eid=2-s2.0-85033404021&doi=10.1080%2f10447318.2017.1385212&partnerID=40&md5=c6d50e3014831ff9a3c55bef2d93dda1,
2-s2.0-85064769733,https://www.scopus.com/inward/record.uri?eid=2-s2.0-85064769733&doi=10.1109%2fPECON.2018.8684184&partnerID=40&md5=c8d298392197938aa611331ea1a8b30f,
2-s2.0-85050026330,https://www.scopus.com/inward/record.uri?eid=2-s2.0-85050026330&doi=10.1039%2fc8nr02450b&partnerID=40&md5=6c139512297a6098d362eb986caeeea8,
2-s2.0-85052712638,https://www.scopus.com/inward/record.uri?eid=2-s2.0-85052712638&doi=10.1088%2f1361-665X%2faac237&partnerID=40&md5=777f596256a44ea284ab928afdf0099b,
